file_name,text
book08_01_l01,ولا تجادلوا أهل الكتاب إلا بالتي
book08_01_l02,هي أحسن إلا الذين ظلموا منهم
book08_01_l03,وقولوا آمنا بالذي أنزل إلينا
book08_01_l04,وأنزل إليكم وإلهنا وإلهكم واحد
book08_01_l05,ونحن له مسلمون وكذلك أنزلنا
book08_01_l06,إليك الكتاب فالذين آتيناهم الكتاب
book08_01_l07,يؤمنون به ومن هؤلاء من
book08_01_l08,يؤمن به وما يجحد بآياتنا إلا
book08_01_l09,الكافرون وما كنت تتلو من
book08_01_l10,قبله من كتاب ولا تخطه بيمينك
book08_01_l11,إذا لارتاب المبطلون بل هو
book08_01_l12,آيات بينات في صدور الذين
book08_02_l01,أوتوا العلم وما يجحد بآياتنا إلا
book08_02_l02,الظالمون وقالوا لولا أنزل عليه
book08_02_l03,آيات من ربه قل إنما الآيات عند الله
book08_02_l04,وإنما أنا نذير مبين أولم يكفهم أنا
book08_02_l05,أنزلنا عليك الكتاب يتلى عليهم إن
book08_02_l06,في ذلك لرحمة وذكرى لقوم يؤ
book08_02_l07,منون قل كفى بالله بيني وبينكم
book08_02_l08,شهيدا يعلم ما في السماوات والأرض
book08_02_l09,والذين آمنوا بالباطل وكفروا
book08_02_l10,بالله أولئك هم الخاسرون ويستعجلونك
book08_02_l11,بالعذاب ولولا أجل مسمى لجاءهم
book08_02_l12,العذاب وليأتينهم بغتة وهم لا يشعرون
book08_03_l01,يستعجلونك بالعذاب وإن جهنم
book08_03_l02,لمحيطة بالكافرين يوم يغشاهم
book08_03_l03,العذاب من فوقهم ومن تحت
book08_03_l04,أرجلهم ويقول ذوقوا ما كنتم تعملون
book08_03_l05,ياعبادي الذين آمنوا إن أرضي
book08_03_l06,واسعة فإياي فاعبدون كل
book08_03_l07,نفس ذائقة الموت ثم إلينا ترجعون
book08_03_l08,والذين آمنوا وعملوا الصالحات
book08_03_l09,لنبوئنهم من الجنة غرفا تجري
book08_03_l10,من تحتها الأنهار خالدين فيها
book08_03_l11,نعم أجر العاملين الذين صبروا
book08_03_l12,وعلى ربهم يتوكلون وكأين
book08_04_l01,الدار الآخرة لهي الحيوان لو كانوا
book08_04_l02,يعلمون فإذا ركبوا في الفلك د
book08_04_l03,عوا الله مخلصين له الدين فلما
book08_04_l04,نجاهم إلى البر إذا هم يشركون
book08_04_l05,ليكفروا بما آتيناهم وليتمتعوا
book08_04_l06,فسوف يعلمون أولم يروا أنا
book08_04_l07,جعلنا حرما آمنا ويتخطف الناس
book08_04_l08,من حولهم أفبالباطل يؤمنون
book08_04_l09,وبنعمة الله يكفرون ومن أظلم
book08_04_l10,أظلم ممن افترى على الله كذبا
book08_04_l11,أو كذب بالحق لما جاءه أليس
book08_04_l12,في جهنم مثوى للكافرين والذين
book08_05_l01,جاهدوا فينا لنهدينهم سبلنا
book08_05_l02,وإن الله لمع المحسنين
book08_05_l03,سورة الروم ستون اية مكية
book08_05_l04,نزلت بعد سورة الانشقاق
book08_05_l05,بسم الله الرحمن الرحيم
book08_05_l06,الم غلبت الروم في أدنى الأرض
book08_05_l07,وهم من بعد غلبهم سيغلبون في
book08_05_l08,بضع سنين لله الأمر من قبل و
book08_05_l09,من بعد ويومئذ يفرح المؤمنون
book08_05_l10,بنصر الله ينصر من يشاء وهو العزيز
book08_05_l11,الرحيم وعد الله لا يخلف الله
book08_05_l12,وعده ولكن أكثر الناس لا يعلمون
book08_05_l13,يعلمون ظاهرا من الحياة الدنيا
book08_06_l01,وهم عن الآخرة هم غافلون
book08_06_l02,أولم يتفكروا في أنفسهم ما خلق
book08_06_l03,الله السماوات والأرض وما بينهما
book08_06_l04,إلا بالحق وأجل مسمى وإن كثيرا
book08_06_l05,من الناس بلقاء ربهم لكافرون
book08_06_l06,أولم يسيروا في الأرض فينظروا
book08_06_l07,كيف كان عاقبة الذين من قبلهم
book08_06_l08,كانوا أشد منهم قوة وأثاروا الأ
book08_06_l09,رض وعمروها أكثر مما عمروها وجاء
book08_06_l10,تهم رسلهم بالبينات فما كان الله
book08_06_l11,ليظلمهم ولكن كانوا أنفسهم يظلمون
book08_06_l12,ثم كان عاقبة الذين أساءوا السوأى
book08_07_l01,أن كذبوا بآيات الله وكانوا بها
book08_07_l02,يستهزئون الله يبدؤ الخلق ثم
book08_07_l03,يعيده ثم إليه ترجعون ويوم
book08_07_l04,تقوم الساعة يبلس المجرمون
book08_07_l05,ولم يكن لهم من شركائهم شفعاء
book08_07_l06,وكانوا بشركائهم كافرين ويوم
book08_07_l07,تقوم الساعة يومئذ يتفرقون
book08_07_l08,فأما الذين آمنوا وعملوا الصالحات
book08_07_l09,فهم في روضة يحبرون وأما الذين
book08_07_l10,كفروا وكذبوا بآياتنا ولقاء
book08_07_l11,الآخرة فأولئك في العذاب محضرون
book08_07_l12,فسبحان الله حين تمسون وحين
book08_08_l01,تصبحون وله الحمد في السماوات
book08_08_l02,والأرض وعشيا وحين تظهرون
book08_08_l03,يخرج الحي من الميت ويخرج الميت
book08_08_l04,من الحي ويحيي الأرض بعد مو
book08_08_l05,تها وكذلك تخرجون ومن آياته
book08_08_l06,أن خلقكم من تراب ثم إذا أنتم
book08_08_l07,تنتشرون ومن آياته أن خلق
book08_08_l08,لكم من أنفسكم أزواجا لتسكنوا
book08_08_l09,إليها وجعل بينكم مودة ورحمة
book08_08_l10,إن في ذلك لآيات لقوم يتفكرون
book08_08_l11,ومن آياته خلق السماوات والأرض
book08_08_l12,واختلاف ألسنتكم وألوانكم إن
book08_09_l01,في ذلك لآيات للعالمين ومن آياته
book08_09_l02,منامكم بالليل والنهار وابتغاؤكم
book08_09_l03,من فضله إن في ذلك لآيات لقوم
book08_09_l04,يسمعون ومن آياته يريكم البرق
book08_09_l05,خوفا وطمعا وينزل من السماء ماء
book08_09_l06,فيحيي به الأرض بعد موتها ان
book08_09_l07,في ذلك لآيات لقوم يعقلون و
book08_09_l08,من آياته أن تقوم السماء والأرض
book08_09_l09,بأمره ثم إذا دعاكم دعوة من
book08_09_l10,الأرض إذا أنتم تخرجون وله
book08_09_l11,من في السماوات والأرض كل له
book08_09_l12,قانتون وهو الذي يبدؤ الخلق
