file_name,text
book06_01_l01,بسم الله الرحمن الرحيم وصلى الله على سيدنا محمد وعلى آله وصحبه وسلم تسليما
book06_01_l02,نحمدك اللهم يا من تواترت آحاد أياديه على مستدر لبانها بموصول
book06_01_l03,الشكر في روائحه وغواديه ونشكرك يا من رفع موضوع المنقطع إليه في مناهيه ومباديه
book06_01_l04,حتى اتضح له في معراج هدايته أعلام هواديه ونشهد أن لا إله إلا الله وحده لا شريك
book06_01_l05,له مجزل المواهب اللدنية التي نهاية شكرها العجز عن شكرها ونشهد أن سيدنا ومولانا
book06_01_l06,محمدا عبده ورسوله المحبو بشريف خصائص تاهت الأحلام والأوهام في صحراء حصرها
book06_01_l07,صلى الله عليه صلاة توجب للمتعلق بسنده الإجازة على صراط الاستقامة وتنتج
book06_01_l08,لناظم مقدمات سننه في مقاييس سننه الحسنى وزيادة في دار المقامة وعلى آله وأصحابه
book06_01_l09,أئمة الهدى وأعلام الاهتداء وعلى كافة الأتباع وأعلام الاتباع الحامين
book06_01_l10,مشارع الشريعة عن شوائب الابتداع والاعتداء وسلم تسليما أما
book06_01_l11,تقر به عين راوي السنن ورائد سلاسل أسانيدها وينشرح له صدر المستضيء
book06_01_l12,بأنوارها من مشكاة مصابيح مسانيدها أذكر فيه ما انتهى إليه قاصر اطلاعي
book06_01_l13,واتصل به قصير باعي من مشاهير الرواة عن الإمام الأعظم وأساتيذ الوعاة عن
book06_01_l14,القرم الهمام الأفخم أبي حنيفة النعمان بن ثابت الغني بشيوع مناقبه عن تعريف
book06_01_l15,الواصف والناعت مسندا عن كل واحد منهم من طريقه عنه حديثا أو أثرا أو إفادة
book06_01_l16,أو حكاية أو منقبة أو إنشادة واصلا سندي به من أوسط طريق مستمدا ممن
book06_01_l17,له الخلق والأمر عزيز التوفيق والقصد بذلك ترغيب حملة العلم في صرف
book06_01_l18,الوجهة إلى رواية السنن والآثار والجد في طلب الاتصال بسيد الأتقياء والأبرار
book06_01_l19,فإن سلسلة أولها سيد الكونين وآخرها المتمسك بأنوار آثاره على تعاقب
book06_01_l20,الملوين لخليق رائدها بدوام السعادة والفوز في دار الكرامة بالحسنى وزيادة
book06_01_l21,والله أسال أن يجعله خالصا لوجهه الكريم وموجبا للفوز برضوانه في دار النعيم
book06_01_l22,وقبل الشروع في المقصود والخوض في إنجاز الموعود أذكر نبذة من
book06_01_l23,تعريف الإمام وقطرة من بحر مناقبه الطام فإن استيفاء مناقبه يجف دونها لعاب
book06_01_l24,اليراعة ويرجع حاسرا من رام استقصاءها وإن حشد أوتاره وأشفاعه فأقول
book06_01_l25,وعلى الله أعتمد ومن فضله أستمد الصحيح الذي عليه جماهير العلماء أنه من
book06_02_l01,العجم فقد روى الخطيب البغدادي عن عمر ابن حماد ابن الإمام أبي حنيفة أنه قال إن الإمام
book06_02_l02,أبا حنيفة هو النعمان بن ثابت بن زوطى بن ماه وكان زوطى من أهل كابل مملوكا لبني
book06_02_l03,تيم الله بن ثعلبة بن بكر بن وائل فأسلم فأعتق فولاؤه لبني تيم الله وولد ثابت على الإسلام
book06_02_l04,وزوطى بضم الزاي وبعد الطاء المهملة ألف التأنيث بوزن طولى هذا هو المشهور
book06_02_l05,في ضبطه وضبطه في القاموس بفتح الزاي بوزن سكرى وكابل بالموحدة المضمومة
book06_02_l06,بعد الألف ثغر من ثغور طخارستان الإقليم المتاخم للهند وروى الخطيب أيضا
book06_02_l07,عن إسماعيل بن حماد ابن الإمام أبي حنيفة أنه قال إن الإمام هو النعمان بن ثابت بن النعمان بن
book06_02_l08,المرزبان من أبناء فارس الأحرار والله ما وقع علينا رق قط ولد جدي سنة ثمانين وذهب
book06_02_l09,ثابت إلى علي بن أبي طالب رضي الله عنه وهو صغير فدعا له بالبركة فيه وفي ذريته ونحن
book06_02_l10,نرجو من الله تعالى أن يكون قد استجاب الله ذلك فينا لعلي بن أبي طالب رضي الله عنه قال
book06_02_l11,إسماعيل والنعمان بن المرزبان أبو ثابت هو الذي أهدى لعلي بن أبي طالب رضي الله عنه الفالوذج
book06_02_l12,في يوم النيروز فقال نورزونا كل يوم وقيل كان ذلك في المهرجان فقال مهرجونا كل يوم
book06_02_l13,انتهى قال العلامة أبو عبد الله محمد بن علي الدمشقي الصالحي الشافعي في كتابه
book06_02_l14,عقود الجمان في مناقب الإمام أبي حنيفة النعمان قد خالف إسماعيل بن حماد أخاه عمر في الجد
book06_02_l15,الأول والثاني للإمام فقال فيهما النعمان بن المرزبان وقال فيهما عمر زوطى بن ماه فيحتمل أن
book06_02_l16,يكون لكل منهما اسمان أو أحدهما الاسم والآخر اللقب أو يكون معنى زوطى بالعربي النعمان
book06_02_l17,ومعنى ماه المرزبان ولم أر من حرر ذلك وخالف إسماعيل أخاه في عدم الولاء انتهى وشذ
book06_02_l18,أبو مطيع رحمه الله فقال إنه من العرب وإنه النعمان بن ثابت بن زوطى بن يحيى بن زيد بن أسد
book06_02_l19,وفي بعض النسخ ابن راشد الأنصاري ولم يوافق على ذلك والراجح ما وراه الخطيب عن ولدي
book06_02_l20,حماد فإنهما أعرف بنسب جدهما ومن الغريب ما نقله الإمام محي الدين عبد القادر
book06_02_l21,القرشي عن خط الحافظ أبي إسحاق إبراهيم بن محمد بن الأزهر الصريفيني بفتح الصاد
book06_02_l22,المهملة وكسر الراء أن الإمام أبا حنيفة هو النعمان بن ثابت بن كاوس بن هرمز بن المرزبان بن بهرام
book06_02_l23,ورفع نسبه إلى نبي الله يعقوب بن إسحاق بن إبراهيم على نبينا وعليهم الصلاة والسلام
book06_02_l24,وذكر بينه وبين يهودا بالدال المهملة والألف بعدها ابن يعقوب النبي نحوا من تسعة
book06_02_l25,وأربعين اسما وفي آخر النسب نحوا من خمسة عشر من ملوك ساسان وقال
book06_02_l26,الحافظ المزي في تهذيب الكمال النعمان بن ثابت التيمي الكوفي أبو حنيفة مولى بني تيم الله
book06_02_l27,بن ثعلبة فقيه اهل العراق وإمام أصحاب الرأي رأى أنس بن مالك رضي الله عنه وروى عن
book06_05_l01,حرف الياء
book06_05_l02,ياسين بن معاذ الزيات الكوفي أبو خلف قال في
book06_05_l03,تاريخ الإسلام روى عن الزهري وأبي الزبير وحماد بن أبي سليمان ضعفه الجماعة
book06_05_l04,وكان من جلة الفقهاء قال يحيى بن معين كان يفتي برأي أبي حنيفة وقال
book06_05_l05,البخاري منكر الحديث مات بعد الستين ومائة قريبا من موت الثوري انتهى
book06_05_l06,أخبرنا الخطيب تاج الدين بن أحمد المالكي عن أستاذه أبي البقاء خالد بن أحمد
book06_05_l07,الجعفري عن محمد بن أحمد الرملي عن القاضي زكريا بن محمد الأنصاري بالسند
book06_05_l08,الدارج إلى أبي عبد الله بن خسرو البلخي قال أنا أبو سعد أحمد بن عبد الجبار قال
book06_05_l09,ثنا القاضي أبو القاسم علي بن المحسن التنوخي البغدادي إذنا قال ثنا ابن الثلاج
book06_05_l10,قال ثنا أبو العباس ابن عقدة الحافظ قال ثنا الحسن بن حماد بن حكيم الطالقاني
book06_05_l11,قال ثنا أبي قال ثنا خلف بن ياسين عن أبيه عن أبي حنيفة عن جواب التيمي
book06_05_l12,عن الحارث بن سويد عن عبد الله بن مسعود رضي الله عنه قال إن إبليس الأبالسة
book06_05_l13,ليتطاول يوم القيامة رجاء أن تناله الشفاعة مما يرى من الشفاعة يوم
book06_05_l14,القيامة يحيى بن أيوب عالم أهل مصر أبو
book06_05_l15,العباس الغافقي المصري المفتي قال في تاريخ الإسلام كان أحد أوعية
book06_05_l16,العلم قال يحيى بن معين صالح الحديث وقال أحمد بن حنبل سيء الحفظ وقال النسائي
book06_05_l17,ليس بالقوي وقال الدارقطني في بعض حديثه اضطراب وقال ابن عدي هو
book06_05_l18,عندي صدوق ومن غرائبه عن يحيى بن سعيد عن عمرة عن عائشة رضي الله عنها
book06_05_l19,قالت كان النبي صلى الله عتيه وسلم يقرأ في الركعة الأولى من الوتر بسبح ‌اسم
book06_05_l20,‌ربك الأعلى وفي الثانية بقل ‌يأيها الكفرون وفي الثالثة بقل ‌هو ‌لله ‌أحد
book06_05_l21,وقل أعوذ برب الفلق وقل أعوذ برب الناس قال العقيلي ذكر المعوذتين لا يصح
book06_05_l22,قلت فهذا على شرط الشيخين وما أخرجه أرباب الكتب الستة مات سنة ثمان وستين
book06_05_l23,ومائة انتهى أخبرنا أبو عبد الله محمد ابن الحافظ عبد الله بن علي بن طاهر
book06_05_l24,الحسني إذنا في كتابه عن أبيه عن محمد بن عبد الرحمن العلقمي عن أبي الفضل ابن أبي بكر
book06_05_l25,السيوطي عن أبي الفضل المرجاني عن أبي الفرج الغزي عن يونس بن إبراهيم
book06_05_l26,الدبوسي عن أبي الحسن ابن المقير قال أنا أبو الكرم المبارك بن أحمد الشهرزوري عن
book06_05_l27,أبي الحسين محمد بن أحمد بن المهتدي قال أنا أبو حفص عمر بن شاهين قال ثنا أحمد بن
book06_06_l01,محمد بن محمد بن سليمان الباغندي قال ثنا عبد الله بن جرير بن جبلة قال ثنا معاذ بن
book06_06_l02,فضالة قال ثنا يحيى بن أيوب عن موسى بن عقبة وأبي حنيفة عن أبي إسحاق
book06_06_l03,الهمداني عن الأسود بن يزيد عن عائشة رضي الله عنها قالت كان رسول
book06_06_l04,الله صلى الله عتيه وسلم يجامع ثم يعود ولا يتوضأ وينام ولا يغتسل
book06_06_l05,يحيى بن أبي بكير واسمه نسر بفتح النون وسكون
book06_06_l06,المهملة بن أبي أسيد أبو زكرياء العبدي القيسي مولاهم الكوفي قاضي كرمان
book06_06_l07,قال في تاريخ الإسلام حدث ببغداد وغيرها وثقة ابن معين وأحمد العجلي قال محمد
book06_06_l08,بن المثنى توفي سنة ثمان ومائتين وقال ابن قانع سنة تسع انتهى أخبرنا
book06_06_l09,أبو عبد الله محمد بن سعيد السوسي المراكشي إذنا في كتابه عن الحافظ أبي محمد
book06_06_l10,عبد الله بن علي الحسني عن محمد بن عبد الرحمن العلقمي عن أبي الفضل السيوطي عن
book06_06_l11,أبي حامد محمد بن ظهيرة عن الشرف بن الكويك عن الجمال المزي الحافظ عن الفخر
book06_06_l12,ابن البخاري عن أبي الفرج ابن الجوزي عن محمد بن ناصر الحافظ بسنده السابق إلى
book06_06_l13,الحافظ أبي محمد الحارثي قال ثنا زيد بن يحيى الفقيه البلخي قال ثنا يحيى بن موسى
book06_06_l14,قال سمعت يحيى بن أبي بكير يقول كان أبو حنيفة يقول مررت يوما على الشعبي
book06_06_l15,وهو جالس فدعاني وقال لي إلى من تختلف فقلت أختلف إلى السوق وسميت
book06_06_l16,له أستاذي فقال لم أعن الاختلاف إلى السوق عنيت الاختلاف إلى العلماء
book06_06_l17,فقلت له أنا قليل الاختلاف إليهم فقال لي لا تفعل وعليك بالنظر في العلم ومجالسة
book06_06_l18,العلماء فإني أرى فيك يقظة وحركة قال فوقع في قلبي من قوله فتركت الاختلاف
book06_06_l19,إلى السوق وأخذت في العلم فنفعني الله تعالى بقوله يحيى
book06_06_l20,بن خالد هكذا ذكره في العقود ولم يزد لا أدري من هو أخبرنا أبو الفضل
book06_06_l21,عبد الوهاب بن محمد العربي الفاسي في جملة مجازه عن شيخ الجماعة أبي عبد الله
book06_06_l22,القصار عن أبي الطيب الغزي عن القاضي زكريا بن محمد الأنصاري عن الحافظ أبي
book06_06_l23,الفضل ابن حجر بسنده السابق إلى الحافظ أبي محمد الحارثي قال ثنا سليمان بن داود
book06_06_l24,الهروي ببلخ قال سمعت عثمان بن عفان السجزي قال سمعت يحيى بن خالد يقول
book06_06_l25,جلس إبراهيم بن عيينة بسبب دين لزمه وهو أكثر من أربعة آلاف درهم فقام بعض
book06_06_l26,إخوانه يجمع له من الناس وصار إلى أبي حنيفة وكان إبراهيم بن عيينة يختلف إلى أبي
book06_06_l27,حنيفة ويلزم مجلسه فقال أبو حنيفة لمن صار إليه من قبل دينه كم دينه قال أكثر
book06_08_l01,أبي يوسف وقال أيضا أبو يوسف صاحب حديث صاحب سنة وقال الجويني
book06_08_l02,كان أبو يوسف قد اطلع الفقه والعلم اطلاعا يتناوله كيف شاء وقال بشر
book06_08_l03,بن غياث سمعت أبا يوسف يقول صحبت أبا حنيفة سبع عشرة سنة
book06_08_l04,ثم رتعت في الدنيا تسع عشرة سنة وأظن أجلي قد قرب فما غبر إلا يسيرا حتى
book06_08_l05,مات وقال هلال الرأي كان أبو يوسف يحفظ التفسير والمغازي وأيام العرب
book06_08_l06,وكان أحد علومه الفقه وقال محمد بن سماعة كان أبو يوسف بعدما ولي القضاء
book06_08_l07,يصلي كل يوم مائتي ركعة وقال يحيى بن يحيى التميمي سمعت أبا يوسف يقول عند
book06_08_l08,وفاته كل ما أفتيت به فقد رجعت عنه إلا ما وافق الكتاب والسنة وفي لفظ
book06_08_l09,إلا ما وافق القرآن وأجمع عليه المسلمون وقال بشر بن الوليد سمعته يقول من تتبع
book06_08_l10,غريب الحديث كذب ومن طلب المال بالكيمياء أفلس ومن طلب الدين بالكلام تزندق
book06_08_l11,وقال محمد بن سماعة سمعته في اليوم الذي مات فيه يقول اللهم إنك تعلم أني لم أجر في حكم
book06_08_l12,حكمت فيه ولقد اجتهدت في الحكم بما وافق كتابك وسنة نبيك قلت وهو أول من
book06_08_l13,لقب قاضي القضاة وكان عظيم المرتبة عند هارون الرشيد قال الطحاوي ثنا
book06_08_l14,بكار بن قتيبة قال سمعت أبا الوليد الطيالسي يقول لما قدم أبو يوسف البصرة
book06_08_l15,مع الرشيد اجتمع أصحاب الرأي وأصحاب الحديث على بابه فأشرف عليهم فلم يأذن لفريق
book06_08_l16,منهم وقال أنا من الفريقين جميعا ولا أقدم فرقة على فرقة لكني أسأل عن مسألة
book06_08_l17,فمن أصاب دخلوا ثم قال رجل مضغ خاتمي هذا حتى هشمه ما لي عليه فاختلف أصحاب
book06_08_l18,الحديث فلم يعجبه قولهم وقال فقيه عليه قيمته صحيحا ويأخذ الفضة المهشومة
book06_08_l19,إلا أن يشاء رب الخاتم أن يمسكه لنفسه ولا شيء على هاشمه فقال أبو يوسف يدخل
book06_08_l20,أصحاب هذا القول فدخلت معهم فسأله المستملي فأملى حديثا عن الحسن بن
book06_08_l21,صالح وقال ما أخاف على رجل من شيء خوفي عليه من كلامه في الحسن بن صالح فوقع
book06_08_l22,لي أنه أراد شعبة فقمت وقلت لا أجلس في مجلس يعرض فيه بأبي بسطام ثم
book06_08_l23,خرجت فرجعت إلى نفسي فقلت هذا قاضي الآفاق ووزير أمير المؤمنين وزميله
book06_08_l24,في حجه وما يضره غضبي فرجعت فجلست حتى فرغ المجلس فأقبل علي إقبال رجل
book06_08_l25,ما كان له هم غيري فقال يا هشام وإذا هو يتبينني لأني كنت عنده ببغداد والله
book06_08_l26,ما أردت بأبي بسطام سوء ولهو في قلبي أكبر منه في قلبك فيما أرى ولكن لا
book06_08_l27,أعلم أني رأيت رجلا مثل الحسن بن صالح قال بكار فذكرت ذلك لهلال الرأي فقال والله
