file_name,text
book01_01_l01,ان النبي صلى الله عليه فرق بين المتلاعنين وقد يحتمل أن يكون أراد بقوله ليس
book01_01_l02,النبي عليه السلام فرق بينهما أي أن اللعان فرق بينهما فإن كان أراد هذا فهو
book01_01_l03,مذهب مالك وأكثر أهل العلم وقد ذكرنا هذا المعنى في باب ابن شهاب عن
book01_01_l04,سهل بن سعد من كتابنا هذا حدثنا عبد الوارث بن سفيان قال حدثنا قاسم
book01_01_l05,بن أصبغ قال حدثنا محمد بن شاذان قال حدثني معلى قال حدثنا سفيان عن الزهري
book01_01_l06,سمع سهل بن سعد يقول شهدت النبي صلى الله عليه وكنت ابن خمس عشرة
book01_01_l07,سنة فرق بين المتلاعنين وحدثنا عبد الله بن محمد قال حدثنا محمد بن بكر
book01_01_l08,قال حدثنا أبو داود قال حدثنا مسدد ووهب بن بيان وأحمد بن عمرو بن السرح
book01_01_l09,وعمرو بن عثمان قالوا حدثنا سفيان عن الزهري عن سهل بن سعد قال مسدد
book01_01_l10,شهدت المتلاعنين على عهد رسول الله صلى الله عليه وأنا ابن خمس عشرة
book01_01_l11,سنة ففرق بينهما رسول الله صلى الله عليه وقال آخرون إنه شهد النبي عليه السلام
book01_01_l12,فرق بين المتلاعنين فقال الرجل كذبت عليها يا رسول الله إن أمسكتها وبعضهم
book01_01_l13,لم يقل عليها قال أبو داود ولم يتابع أحد ابن عيينة على قوله إنه فرق بين
book01_01_l14,المتلاعنين قال أبو عمر معنى قول أبي داود هذا عندي أنه لم يتابعه أحد
book01_01_l15,على ذلك في حديث ابن شهاب عن سهل بن سعد لأن ذلك محفوظ في حديث ابن عمر
book01_01_l16,من وجوه ثابتة وأظن ابن عيينة اختلط عليه لفظ حديثه عن ابن شهاب
book01_01_l17,عن سهل بن سعد بلفظ حديثه عن عمرو بن دينار عن سعيد بن جبير عن ابن عمر
book01_01_l18,أخبرنا عبد الله بن محمد قال حدثنا محمد بن بكر قال حدثنا أبو داود قال حدثنا أحمد
book01_01_l19,ابن حنبل قال حدثنا إسماعيل يعني ابن علية قال حدثنا أيوب عن سعيد بن جبير قال
book01_01_l20,قلت لابن عمر رجل قذف امرأته فقال فرق رسول الله صلى الله عليه بين أخوي
book01_01_l21,بني العجلان وقال الله يعلم أن أحدكما كاذب فهل منكما تائب يرددها ثلاث
book01_01_l22,مرات فأبيا ففرق بينهما قال وحدثنا أحمد بن حنبل قال حدثنا سفيان بن عيينة قال
book01_01_l23,سمع عمرو بن سعيد بن جبير سمع ابن عمر يقول قال رسول الله صلى الله عليه للمتلاعنين
book01_01_l24,حسابكما على الله أحدكما كاذب لا سبيل لك عليها فقال يا رسول الله مالي قال
book01_01_l25,لا مال لك إن كنت صدقت عليها فهو بما استحللته من فرجها وإن كنت كذبت
book01_02_l01,سبيل إلى معرفة من حقت عليه اللعنة منهما فمن هاهنا وقعت الفرقة ولو أيقنا
book01_02_l02,أن اللعنة حقت على المرأة بكذبها لم نفرق بينهما هذا جملة ما اعتل به بعض أصحابنا
book01_02_l03,وفي ذلك نظر والتلاعن يقتضي التباعد وعليه جمهور السلف
book01_02_l04,وفي قوله صلى الله عليه لا سبيل لك عليها كفاية ودلالة صحيحة على أن اللعان
book01_02_l05,هو الموجب للفرقة بينهما وأن الحاكم إنما ينفذ الواجب في ذلك من حكم الله تعالى
book01_02_l06,ذكره ولم يكن تفريق النبي صلى الله عليه بين المتلاعنين بعد اللعان استئناف
book01_02_l07,حكم وإنما كان تنفيذا لما أوجبه الله تعالى باللعان بينهما فإن فعل فقد فعل
book01_02_l08,ما يجب وإن ترك كان الحكم بالفرقة بينهما نافذا على حسب ما ذكرنا واحتج أصحاب
book01_02_l09,أبي حنيفة لقوله إذا التعنا فرق الحاكم بينهما بما روي عن رسول الله صلى الله
book01_02_l10,عليه أنه فرق بين المتلاعنين قالوا فدل على أنه الفاعل للفرقة قالوا وهي فرقة
book01_02_l11,تفتقر إلى حضور الحاكم فوجب أن يفتقر إلى تفريقه قياسا على فرقة العنين
book01_02_l12,ومن حجة مالك ومن قال بقوله إن التفاسخ في التبايع لما وقع بتمام التحالف فكذلك
book01_02_l13,اللعان وأما الشافعي فإن الفرقة تقع عنده بالتعان الزوج وحده لأنه لما دفع
book01_02_l14,لعانه الولد والحد وجب أن يرفع الفراش لأن لعان المرأة لا مدخل له في ذلك
book01_02_l15,وإنما هو لنفي الحد عنها لا غير
book01_02_l16,وذهب عثمان البتي أن الفرقة تقع بالطلاق بعد اللعان لأن العجلاني طلقها ثلاثا
book01_02_l17,بعد اللعان وقد مضى القول أيضا في حكم فرقة المتلاعنين وهل يحتاج الحاكم
book01_02_l18,إلى أن يفرق بينهما بعد اللعان أم لا وما في ذلك للعلماء من التنازع ووجه الصواب
book01_02_l19,فيه عندنا عند ذكر حديث ابن شهاب عن سهل بن سعد في كتابنا هذا وذكرنا
book01_02_l20,هناك أيضا أحكاما صالحة من أحكام اللعان لا معنى لإعادته ههنا ونذكر
book01_02_l21,ههنا حكم الحمل والولد وما ضارع ذلك بعون الله لا شريك له
book01_02_l22,فأما قوله في حديثنا هذا انتفى من ولدها فإنه يحتمل أن يكون انتفى منه وهو
book01_02_l23,حمل ظاهر ويحتمل أن يكون انتفى منه بعد أن ولده وقد اختلف العلماء في الملاعنة
book01_02_l24,على الحمل فقال منهم قائلون لا سبيل إلى أن يلاعن أحد عن حمل ولا لأحد أن ينتفي
book01_02_l25,من ولد لم يولد بعد لأنه ربما حسب أن بالمرأة حملا وليس بها حمل قالوا وكم
book01_04_l01,وابن القاسم وغيرهما يبدأ بالزوج في اللعان فيشهد أربع شهادات بالله يقول
book01_04_l02,في الرؤية أشهد بالله إني لمن الصادقين لرأيتها تزني ويقول في نفي الحمل أشهد
book01_04_l03,بالله إني لمن الصادقين ما هذا الحمل مني
book01_04_l04,قال أصبغ وأحب إلي أن يزيد لزنيت قال أصبغ يقول في الرؤية كالمرود في المكحلة
book01_04_l05,قال مالك وابن القاسم ويقول في الخامسة أن لعنة الله عليه إن كان من الكاذبين
book01_04_l06,وتقول المرأة في الرؤية أشهد بالله ما رآني أزني وفي الحمل أشهد بالله ما زنيت
book01_04_l07,وإن هذا الحمل منه أو هذا الولد منه وإن كان غائبا أو ميتا سمته ونسبته
book01_04_l08,أشهد بالله لقد زنيت وما هذا الحمل مني أو ما هذا الولد مني وتقول هي أشهد بالله
book01_04_l09,ما زنيت وإن هذا الحمل منه أو هذا الولد منه وإن كان غائبا أو ميتا سمته ونسبته
book01_04_l10,وقالت وإنه من زوجي فلان بن فلان يقول كل واحد منهما هذا القول أربع مرات
book01_04_l11,بأربع شهادات ثم يقول الزوج في الخامسة وعليه لعنة الله إن كان من
book01_04_l12,الكاذبين وتقول هي وعليها غضب الله إن كان من الصادقين فيما ذكر من
book01_04_l13,رؤية أو فيما ذكر من زناها ومن نفي حملها أو ولدها على حسب ما فسرت لك
book01_04_l14,فإذا تم التعان المرأة بعد التعان الرجل وقعت الفرقة بينهما ثم لم تحل له أبدا
book01_04_l15,وسواء فرق الحكم بينهما أو لم يفرق وإن أكذب نفسه بعد ذلك حد ولحق به
book01_04_l16,الولد ولم يتراجعا أبدا وإن بقي من لعانه أو لعان المرأة ولو مرة واحدة شهادة
book01_04_l17,واحدة الخامسة أو غيرها فأكذب نفسه قبل تمامها حد وبقيت معه زوجته
book01_04_l18,إذا لم يتم لعانها هذا كله قول مالك وأصحابه ولو لا عن عندهم من نفى حملا فانفش
book01_04_l19,لم ترد إليه ولم تحل له أبدا لأنه قد يجوز أن تكون أسقطته وكتمته وعند
book01_04_l20,الشافعي أن الرجل إذا تم التعانه فقد زال فراشه ولا تحل له أبدا
book01_04_l21,وعند أبي حنيفة أن تمام اللعان لا يوجب فرقة حتى يفرق الحاكم بينهما ولكل
book01_04_l22,واحد منهم حجة من حديث مالك هذا وغيره محتملة التأويل وقول مالك أولى
book01_04_l23,بالصواب إن شاء الله وقال الشافعي صلى رحمه الله تفريق النبي عليه السلام بين
book01_04_l24,المتلاعنين تفرق حكم ليس لطلاق الزوج فيه مدخل وإنما هو تفريق أوجبه
book01_04_l25,اللعان فأخبر به النبي صلى الله عليه بقوله لا سبيل لك عليها قال وإذا أكمل
book01_05_l01,حمل ظاهر في رأي العين ثم انفش واضمحل قالوا فلا لعان على الحمل بوجه
book01_05_l02,من الوجوه قالوا ولو التعن أحد على الحمل لم ينتف عنه الولد حتى ينفيه بعد
book01_05_l03,أن يولد ويلتعن بعد ذلك وينفيه في اللعان فحينئذ ينتفي عنه هذا قول أبي
book01_05_l04,حنيفة وطائفة من فقهاء الكوفة وقال آخرون جائز أن ينتفي الرجل من الحمل
book01_05_l05,إذا كان حملا ظاهرا هذا قول مالك والشافعي وجماعة من فقهاء أهل الحجاز
book01_05_l06,والعراق وحجتهم أن المرأة التي لاعن رسول الله صلى الله عليه بينها وبين زوجها
book01_05_l07,كانت حاملا فانتفى الملاعن من ولدها ففرق رسول الله صلى الله عليه بينهما
book01_05_l08,وألحق الولد بأمه والآثار الدالة على صحة هذا القول كثيرة وسنذكر منها
book01_05_l09,في هذا الباب ما فيه كفاية وشفاء وهداية إن شاء الله
book01_05_l10,وجملة قول مالك وأصحابه في هذه المسألة أنه لا ينفي الحمل بدعوى رؤية الزنا
book01_05_l11,ولا ينفي الحمل إلا بدعوى الاستبراء وأنه لم يطأ بعد الاستبراء والاستبراء عندهم
book01_05_l12,حيضة كاملة هذا قول مالك وأصحابه إلا عبد الملك فإنه قال ثلاث حيض
book01_05_l13,ورواه أيضا عن مالك وقال ابن القاسم لا يلزمه ما ولدت بعد لعانه إلا أن يكون
book01_05_l14,حملا ظاهرا حين لاعن بإقرار أو بينة فيلحق به وقال المخزومي إن أقر بالحمل
book01_05_l15,وادعى رؤية لاعن فإن وضعته لأقل من ستة أشهر من يوم الرؤية فهو له
book01_05_l16,وإن كان لستة أشهر فأكثر فهو اللعان فإن ادعاه لحق به وحده قال المغيرة
book01_05_l17,ويلاعن في الرؤية من يدعي الاستبراء
book01_05_l18,وأما الشافعي وأحمد بن حنبل وأبو حنيفة وأبو ثور وأصحابهم فإنهم يقولون
book01_05_l19,كل من قذف امرأته وطلبت الحد ولم يأت زوجها بأربعة شهداء لاعن وسوا
book01_05_l20,قال لها يا زانية أو زنيت أو رأيتها تزني يلاعن أبدا وكل من نفى الحمل عندهم
book01_05_l21,وقال ليس مني ولم يكن علم به لاعن ولا معنى عندهم للاستبراء لأن الاستبراء قد
book01_05_l22,تلد معه فلا معنى له ما كان الفراش قائما إلا أبا حنيفة فإنه على أصله في أن لا لعان
book01_05_l23,على حمل على ما ذكرت لك ولا خلاف عن مالك وأصحابه أنه إذا ادعى رؤية وأقر
book01_05_l24,أنه وطئ بعدها حد ولحق به الولد قال ابن القاسم فلو أكذب نفسه في الاستبراء
book01_05_l25,وادعى الولد لحق به وحد إذ باللعان نفيناه عنه وصار قاذفا وقال مالك
book01_06_l01,والسجن ليس بعذاب والله أعلم بدليل قول الله عز وجل إلا أن يسجن أو عذاب
book01_06_l02,أليم فجعل السجن غير العذاب وقد سمى الله الحد عذابا بقوله وليشهد عذابهما
book01_06_l03,طائفة من المؤمنين وقوله ويدرأ عنها العذاب وقد روي مثل قول أبي حنيفة
book01_06_l04,في هذه المسألة عن عطاء والحرث العكلي وابن شبرمة وهو خلاف ظاهر القرآن
book01_06_l05,وخلاف ما عليه أكثر علماء المسلمين
book01_06_l06,أخبرنا أبو محمد عبد الله بن محمد قراءة مني عليه أن محمد بن بكر حدثهم قال حدثنا أبو داود
book01_06_l07,قال حدثنا أحمد بن محمد المروزي حدثنا علي بن الحسين بن واقد عن أبيه عن يزيد
book01_06_l08,النحوي عن عكرمة عن ابن عباس قال وقوله والذين يرمون أزواجهم الآية
book01_06_l09,قال فإذا حلفا فرق بينهما وإن لم يحلفا أقيم الجلد أو الرجم وهذا كقول مالك سواء
book01_06_l10,في الفرقة وإقامة الحد عند نكول المرأة وقال الضحاك بن مزاحم في قوله عز وجل
book01_06_l11,ويدرأ عنها العذاب قال إن هي أبت أن تلاعن رجمت إن كانت ثيبا وجلدت
book01_06_l12,إن كانت بكرا وهو قول أكثر أهل العلم بتأويل القرآن وأكثر فقهاء الأمصار
book01_06_l13,والعجب من أبي حنيفة يقضي بالنكول في الحقوق بين الناس ولا يرى رد اليمين
book01_06_l14,ولم يقل بالنكول ههنا والذي ذهب إليه أبو حنيفة والله أعلم أنه حين عز
book01_06_l15,إقامة الحد عليها بدعوى زوجها ويمينه دون إقرارها أو بينة تقوم عليها
book01_06_l16,ولم يقض بالنكول لأن الحدود تدرأ بالشبهات ومثل هذا كله شبهة درأ بها
book01_06_l17,الحد عنها وحبسها حتى تلتعن وهذا قول ضعيف في النظر مع مخالفته الجمهور
book01_06_l18,والأصول والله المستعان ومذهب مالك والشافعي أن اللعان فسخ بغير طلاق
book01_06_l19,وقال أبو حنيفة هي طلقة بائنة
book01_06_l20,واتفق مالك والشافعي على أنه جائز أن يلاعن إذا نفى الحمل وكان الحمل ظاهرا
book01_06_l21,على ما تقدم عن مالك وأصحابه وهو قول الشافعي وأصحابه أيضا والحجة لهم
book01_06_l22,الآثار المتواترة بذلك التي لا يعارضها ولا يخالفها مثلها فمن ذلك ما حدثناه
book01_06_l23,عبد الوارث بن سفيان قال حدثنا قاسم بن أصبغ قال حدثنا جعفر بن محمد قال حدثنا
book01_06_l24,سليمان بن داود الهاشمي قال أخبرنا إبراهيم بن سعد عن ابن شهاب عن سهل بن سعد
book01_06_l25,قال جاء عويمر إلى عاصم بن عدي فقال سئل رسول الله صلى الله عليه أرأيت رجلا
book01_08_l01,به أسود أجعد فجاءت به أسود أجعد قال أبو عمر هكذا في الحديث
book01_08_l02,أجعد والصواب عند أهل العربية جعد يقال رجل جعد وامرأة جعدة ولا يقال
book01_08_l03,أجعد قال الأوزاعي رحمه الله أعربوا الحديث فإن القوم كانوا عربا وأما
book01_08_l04,الحديث الذي قيل هذا فيه إن جاءت به أسحم أدعج العينين عظيم الإليتين فلا
book01_08_l05,أراه إلا قد صدق وإن جاءت به أحمر كأنه وحرة فلا أراه إلا كاذبا قال فجاءت به
book01_08_l06,على النعت المكروه فالأسحم الأسود من كل شيء والسحمة السواد والدعج شدة
book01_08_l07,سواد العين يقال رجل أدعج وامرأة دعجاء وعين دعجاء وليل أدعج أي أسود
book01_08_l08,وأما قوله كأنه وحرة فأراد والله أعلم كأنه وزغة
book01_08_l09,قال الخليل والوحرة وزغة تكون في الصحاري قال والمرأة وحرة سوداء ذميمة
book01_08_l10,وفي هذا الحديث أيضا دليل على أن المرأة كانت حبلى وفيه ضروب من
book01_08_l11,الفقه ظاهرة أبينها أن القاذف لزوجته يجلد إن لم يلاعن وعلى هذا جماعة
book01_08_l12,أهل العلم إلا ما قدمنا ذكره عن أبي حنيفة في هذا الباب وشئ روي على الشعبي
book01_08_l13,والحرث العكلي قالوا الملاعن إذا كذب نفسه لم يضرب وهذا قول لا وجه له
book01_08_l14,والقرآن والسنة يردانه ويقضيان أن كل من يقذف امرأته ولم يخرج مما قاله بشهود
book01_08_l15,أربعة إن كان أجنبيا أو بلعان إن كان زوجا جلد الحد ولا يصح عندي عن الشعبي
book01_08_l16,وكذلك لا يصح إن شاء الله عن غيره
book01_08_l17,وقد ذكر أبو بكر بن أبي شيبة حدثنا أبو بكر بن عياش حدثنا مطرف عن
book01_08_l18,عامر يعني الشعبي قال إذا أكذب نفسه جلد الحد وردت إليه امرأته وحجاج عن
book01_08_l19,ابن جريج عن ابن شهاب مثله وهشيم عن جرير عن الضحاك مثله قال حماد
book01_08_l20,بن سليمان يكون خاطبا من الخطاب إذا جلد وهو قول أبي حنيفة وأصحابه
book01_08_l21,وقد ذكرنا اختلاف الفقهاء في هذه المسألة في باب ابن شهاب عن سهل بن سعد
book01_08_l22,من هذا الكتاب وللناس فيها ثلاثة أقاويل أحدهما أنه إذا أكذب نفسه جلد
book01_08_l23,وردت إليه امرأته دون نكاح على عصمته
book01_08_l24,والثاني أن يكون بعد الجلد خاطبا كما ذكرنا والثالث أنهما لا يجتمعان أبدا
book01_08_l25,وأما قول من قال إنه لا يجلد فلا يعرج عليه ولا يشتغل به وهو وهم وخطأ وقد
book01_09_l01,وجد مع امرأته رجلا أيقتله فيقتل به أم كيف يصنع فسأل عاصم رسول الله صلى
book01_09_l02,الله عليه عن ذلك فعاب رسول الله صلى الله عليه عليه المسائل ثم لقيه عويمر
book01_09_l03,فسأله ما صنعت فقال صنعت إنك لم تأت بخير سألت رسول الله صلى الله عليه
book01_09_l04,فعاب المسائل فقال عويمر والله لآتين رسول الله صلى
book01_09_l05,الله عليه قال فأتى رسول الله صلى الله عليه سأله فوجده قد أنزل عليه فيها فدعا بهما فتلاعنا فقال عويمر
book01_09_l06,لئن انطلقت بها يا رسول الله لقد كذبت عليها قال ففارقها قبل أن يأمره بذلك
book01_09_l07,رسول الله صلى الله عليه فصارت سنة في المتلاعنين ثم قال انظروها فإن
book01_09_l08,جاءت به أسحم أدعج العينين عظيم الإليتين فلا أراه إلا قد صدق وإن
book01_09_l09,جاءت به أحمر كأنه وحرة فلا أراه إلا كاذبا قال فجاءت به على النعت المكروه
book01_09_l10,فهذا الحديث يدل على أنها كانت حاملا وإذا كانت حاملا فقد وقع التلاعن
book01_09_l11,على الحمل لأن رسول الله صلى الله عليه نفاه عن الرجل وألحقه بأمه وليس
book01_09_l12,في شيء من الآثار أن اللعان أعيد في ذلك مرة ثانية بعد أن ولدته وفي ذلك
book01_09_l13,ما يدل على أنه نفاه حملا فنفاه عنه رسول الله صلى الله عليه وألحقه بأمه
book01_09_l14,ومما يصحح أيضا ما قلناه ما حدثناه عبد الله بن محمد قال حدثنا محمد بن بكر قال
book01_09_l15,حدثنا أبو داود قال حدثنا عثمان بن أبي شيبة قال حدثنا جرير عن الأعمش
book01_09_l16,عن إبراهيم عن علقمة عن عبد الله قال إنا ليلة جمعة في المسجد إذ دخل
book01_09_l17,رجل من الأنصار فقال لو أن رجلا وجد مع امرأته رجلا فتكلم جلدتموه وإن قتل
book01_09_l18,قتلتموه أو سكت سكت على غيظ والله لأسألن عنه رسول الله صلى الله عليه
book01_09_l19,فلما كان من الغد أتى رسول الله صلى الله عليه فسأله فقال لو أن رجلا وجد مع
book01_09_l20,امرأته رجلا فتكلم جلدتموه أو قتل قتلتموه وسكت سكت على غيظ فقال
book01_09_l21,اللهم افتح وجعل يدعو فنزلت آية اللعان والذين يرمون أزواجهم ولم يكن
book01_09_l22,لهم شهداء إلا أنفسهم فابتلي به ذلك الرجل من بين الناس فجاء هو وامرأته إلى
book01_09_l23,رسول الله صلى الله عليه فتلاعنا فشهد الرجل أربع شهادات بالله إنه لمن
book01_09_l24,الصادقين ثم الخامسة لعنة الله عليه إن كان من الكاذبين قال فذهبت
book01_09_l25,لتلتعن فقال لها النبي عليه السلام مه فأبت وفعلت فلما أدبر قال لعلها أن تجيء
book01_10_l01,أبيه عن ابن عباس حديث طويل في اللعان ذكر فيه كلام سعد بن عبادة
book01_10_l02,وقصة تلاعن هلال بن أمية وزوجته إذ رماها بشريك بن سحماء حديثا طويلا
book01_10_l03,حدثناه عبد الوارث بن سفيان وسعيد بن نصر قالا حدثنا قاسم بن أصبغ قال
book01_10_l04,حدثنا محمد بن وضاح قال حدثنا أبو بكر بن أبي شيبة قال حدثنا يزيد بن هارون
book01_10_l05,أخبرنا عباد بن منصور وذكره أبو داود حدثنا الحسن بن علي حدثنا يزيد
book01_10_l06,بن هارون أخبرنا عباد بن منصور ولم يسقه بتمامه وفيه عند جميعهم ففرق
book01_10_l07,رسول الله صلى الله عليه بينهما يعني بعد تمام التعانهما وقضى ألا يدعى ولدها
book01_10_l08,لأب ولا ترمى هي ولا يرمى ولدها ومن رماها أو رمى ولدها فعليه الحد وقضى ألا
book01_10_l09,بيت عليها ولا قوت من أجل أنهما مفترقان من غير طلاق ولا هي متوفى عنها
book01_10_l10,وقال إن جاءت به أصيهب أثيبج أحمش الساقين سابغ الإليتين فهو للذي
book01_10_l11,رميت به فجاءت به أورق جعدا جماليا خدلج الساقين سابغ الإليتين فقال رسول
book01_10_l12,الله صلى الله عليه لولا الأيمان لكان لي ولها شأن قال عكرمة فكان بعد ذلك
book01_10_l13,أميرا على مصر ويدعى للأب
book01_10_l14,قال أبو عمر في هذا الحديث وقضى أن من رماها أو رمى ولدها فعليه الحد
book01_10_l15,وهو حجة لمالك ومن قال بقوله أن من قذف الملاعنة أو ولدها حد إن لم يأت
book01_10_l16,بأربعة شهداء وعليه أكثر الناس وهذا الحديث حجة في ذلك وفيه أيضا أن
book01_10_l17,لا بيت عليها ولا قوت يعني لا سكنى لها ولا نفقة وهذا موضع اختلف فيه العلماء
book01_10_l18,فأما مالك فإنه لم يذهب إلى هذا ورأى أن السكنى لكل مطلقة وجبت لها النفقة
book01_10_l19,أو لم تجب مختلعة كانت أو ملاعنة أو مبتوتة ولا نفقة عنده إلا لمن يملك رجعتها
book01_10_l20,خاصة أو حامل بعد تحملها فسقوطها من أجل الحمل وللمبتوتات والمختلعات
book01_10_l21,كلهن لهن عنده السكنى دون النفقة وهذا كله أيضا قول الشافعي و لا خلاف
book01_10_l22,بينهما في شيء من ذلك كله وذهب أبو حنيفة وجماعة من السلف إلى إيجاب
book01_10_l23,النفقة لكل معتدة مبتوتة وغير مبتوتة مع السكنى وذهب أحمد بن حنبل
book01_10_l24,وأبو ثور وجماعة من أهل الحديث وهو قول داود أيضا إلى أن لا سكنى ولا نفقة
book01_10_l25,لمن لا رجعة عليها فلا سكنى عندهم للملاعنة والمختلعة ولا لغيرها ولا نفقة
book01_11_l01,مضى القول في هذا والحجة في باب ابن شهاب عن سهل بن سعد من هذا الكتاب
book01_11_l02,فلا وجه لإعادته ههنا) ومما يوضح أيضا التلاعن على الحمل البين ما
book01_11_l03,أخبرناه عبد الله بن محمد قال حدثنا محمد بن بكر قال حدثنا أبو داود قال
book01_11_l04,حدثنا عبد العزيز بن يحيى أبو الأصبغ حدثنا محمد بن سلمة عن محمد بن إسحاق
book01_11_l05,قال حدثني عباس بن سهل عن أبيه أن النبي صلى الله عليه قال لعاصم بن
book01_11_l06,عدي أمسك المرأة عندك حتى تلد
book01_11_l07,ومثله أيضا حديث ابن وهب عن يونس بن يزيد عن ابن شهاب عن سهل بن
book01_11_l08,سعد قال فيه ثم خرجت حاملا فكان الولد إلى أمه وحدثنا عبد الوارث بن
book01_11_l09,سفيان قال حدثنا قاسم قال حدثنا محمد بن الهيثم أبو الأحوص حدثنا محمد بن
book01_11_l10,عائذ الدمشقي قال حدثنا الهيثم بن حميد حدثنا ثور بن يزيد عن عمرو بن
book01_11_l11,شعيب عن أبيه عن جده عن رسول الله صلى الله عليه أن رجلا من بني زريق
book01_11_l12,قذف امرأته فأتى النبي عليه السلام فردد ذلك أربع مرات على النبي صلى الله
book01_11_l13,عليه فنزلت آية الملاعنة فقال النبي عليه السلام قد نزل من الله أمر عظيم فأبى
book01_11_l14,الرجل إلا أن يلاعنها فرأيت المرأة تدرأ عن نفسها العذاب فتلاعنا فقال
book01_11_l15,النبي صلى الله عليه إما أن تجيء به أصيفر أحيمش مسلول العظام فهو للمتلاعن
book01_11_l16,وإما أن تجيء به أسود كالجمل الأورق فهو لغيره فجاءت به أسود كالجمل الأورق
book01_11_l17,فدعا به رسول الله صلى الله عليه فجعله لعصبة أمه وقال لولا الأيمان التي
book01_11_l18,مضت يعني اللعان لكان فيه كذا وكذ
book01_11_l19,قال أبو عمر في هذا الحديث رأيت المرأة تدرأ عن نفسها العذاب وهو
book01_11_l20,حجة على أبي حنيفة في قوله إنها تسجن وقد مضى القول في ذلك وأما قوله فيه
book01_11_l21,أصيفر أحيمش فالأصيفر تصغير أصفر والأحيمش تصغير أحمش والأحمش الدقيق
book01_11_l22,القوائم و في حديث ابن عباس من رواية عباد بن منصورة عن عكرمة عن ابن
book01_11_l23,عباس ومن رواية جرير بن حازم عن أيوب عن عكرمة عن ابن عباس و من
book01_11_l24,رواية ابن أبي الزناد عن أبيه عن القاسم بن محمد عن ابن عباس وسليمان بن بلال
book01_11_l25,عن يحيى بن سعيد ومخرمة بن بكير عن أبيه جميعا عن عبد الرحمان بن القاسم عن
book01_12_l01,وعطاء والشعبي والنخعي وحماد والحكم وسفيان والحسن بن صالح وشريك
book01_12_l02,ويحيى بن آدم وأحمد بن حنبل وأبي عبيد إلا أنهم اختلفوا فمنهم من لم يجعل
book01_12_l03,عصبة أمه عصبته إلا عند عدم أمه ومنهم من أعطاها فرضها وجعل
book01_12_l04,الباقي لعصبتها ابنا كان لها أو أخا لابنها أو غيره من عصبتها والذين جعلوا أمه
book01_12_l05,عصبته فإذا لم تكن فعصبتها احتجوا بحديث واثلة بن الأسقع عن النبي
book01_12_l06,صلى الله عليه أنه قال المرأة تحرز ثلاثة مواريث عتيقها ولقيطها وابنها الذي
book01_12_l07,لاعنت عليه وبحديث عمرو بن شعيب عن أبيه عن جده أن النبي صلى الله
book01_12_l08,عليه قال ميراث ابن الملاعنة لأمه ولورثتها من بعدها وقد أوضحنا ذلك
book01_12_l09,في غير هذا الموضع وذهب مالك والشافعي وأصحابهما إلى قول زيد بن
book01_12_l10,ثابت في ذلك قال مالك إنه بلغه عن عروة بن الزبير وسليمان بن يسار
book01_12_l11,أنهما سئلا عن ولد الملاعنة وولد الزنا من يرثهما فقالا ترث أمه حقها
book01_12_l12,وإخوته لأمه حقوقهم ويرث ما بقي من ماله موال أمه إن كانت مولاة
book01_12_l13,وإن كانت عربية ورثت حقها وورث إخوته لأمه حقوقهم وورث ما بقي
book01_12_l14,من ماله المسلمون قال مالك وذلك الأمر الذي لا اختلاف فيه عندنا والذي
book01_12_l15,أدركت عليه أهل العلم قال أبو عمر وهو قول الشافعي سواء
book01_12_l16,ولأهل العراق والقائلين بالرد وتوريث ذوي الأرحام ضروب من التنازع
book01_12_l17,في توريث عصبة أم ولد الملاعنة منه مع الأم ودونها ليس هذا موضع ذكر
book01_12_l18,ذلك ولا خلاف بين العلماء أن الملاعن إذا أقر بالولد جلد الحد ولحق به وورثه
book01_12_l19,وابن الزانية عند جماعة العلماء كابن الملاعنة سواء وكل فيه على أصله
book01_12_l20,الذي ذكرناه عنهم وأجمعوا في توءمي الزانية أنهما يتوارثان على
book01_12_l21,أنهما لأم واختلفوا في توءمي الملاعنة فذهب مالك والشافعي وهو قول
book01_12_l22,أهل المدينة إلى أن توارثهما كتوارث الإخوة للأب والأم ويحتجون بأ
book01_12_l23,ن الملاعن إذا استلحقهما جلد الحد ولحق به النسب وذهب الكوفيون إلى أن
book01_12_l24,توءمي الملاعنة كتوءمي الزانية لا يتوارثان إلا على أنهما لأم وإن
book01_12_l25,مات ابن الملاعنة فاستلحقه الملاعن بعد موته فإن مالكا وأبا حنيفة
book01_13_l01,وهذا الحديث حجة لمن ذهب إلى هذا وروي عن جماعة من السلف أيضا
book01_13_l02,وسنذكراختلاف العلما في ايجاب السكنى والنفقة للميتوته ومن جري
book01_13_l03,مجراها في باب عبد الله بن يزيد مولى الأسود بن سفيان من كتابنا هذا ونذكر
book01_13_l04,وجوه أقاويلهم ومعانيها هناك إن شاء الله
book01_13_l05,واما قوله في هذا الحديث اصيهب فهو تصغيرا صهب والصهبة حمرة في الشعر
book01_13_l06,والاثيج تصغير اثبج والأثيج العالي الظهر يقال رجل أثيج ناتي الثي وثبج كل
book01_13_l07,شي وسطه وأعلاه ورجل مثبج مضطرب الخلق في طول والأحمش الساقين
book01_13_l08,دقيقهما والأورق الرمادي اللون ويقال الأورق الرماد أيضا ومنه قيل
book01_13_l09,حمامة ورقا واصل الورقة سواد في غيره والجمالي العظيم الخلق يقال ناقة
book01_13_l10,جمالية إذا كانت في خلق الجمل والخدلج الضخم الساقين يقال أمراة خدلجة
book01_13_l11,إذا كانت ضحمة الساق وهذه الاثار كلما تدل على أن المراة الملاعنة كانت
book01_13_l12,في حين التلاعن حبلي فلما نفاه في لعانه نفاه عنه رسول الله صلى الله عليه
book01_13_l13,والحقه بأمه وفي حديث ملك عن نافع عن ابن عمر أن رسول الله صلى الله
book01_13_l14,عليه الحق الولد بأمه وهو أولى وأصح من حديث عمرو بن شعيب عن أبيه
book01_13_l15,عن جده أن رسول الله صلى الله عليه جعله لعصبة أمه
book01_13_l16,واختلف العلما في ميراث ولد الملاعنة فقال قايلون أمه عصبته وممن قال
book01_13_l17,ذلك عبد الله بن مسعود وجماعة قال ابن مسعود أمه عصبته فإن لم تكن
book01_13_l18,فعصبتها وقال أخرون عصبته عصبة أمه قال ذلك جماعة وإليه ذهب
book01_13_l19,أحمد بن حنبل قال ابن الملاعنة ترثه امه وعصبتها والقايلون بهذين القولين يقولون
book01_13_l20,بتوريث ذوي الأرحام وقال علي بن أبي طالب وزيد بن ثابت لا عصبة لابن
book01_13_l21,الملاعنة وهو عندهما كموروث لم يخلف أبا ولا عصبة فإن كان له أخوة
book01_13_l22,لام ورثوا فرضهم وورثت أمه سهمها وما بقي فلبيت المال هذه رواية قتادة
book01_13_l23,عن خلاس عن علي وزيد والمشهور عن علي أن عصبته عصبة أمه إلا أنّ
book01_13_l24,مذهبه إن ذا السهم أحق ممن لاسهم له وبه قال أبو حنيفة وأصحابه وقال ابن
book01_13_l25,مسعود عصبته عصبة أمه وهو قول الحسن وابن سيرين وجابر بن زيد
book01_15_l01,وأصحابهما يقولون إن خلّف ولو الحق به نسبه وورث وان لم يخلف ولدا لم
book01_15_l02,يرثه ويجلد الحد علي كل حال وقال الشافعي يجلد الحد ويلحق به الولد ونسبه
book01_15_l03,ويرث خلف ولدا أو لم يخلف وإن مات الملاعن بعد أن التعن وقبل أن تلتعن
book01_15_l04,المرأة فإن التعنت بعده لم ترثه وإن نكلت عن الالتعان حدت وورثت في قول
book01_15_l05,ملك وقال الشافعي لا يتوارثان أبدا إذا التعن الرجل وتم التعانه لأن الفراش
book01_15_l06,قد زال بالتعانه وإنما التعان المرأة لدفع الحد عنها وقال أبو حنيفة لا ينقطع
book01_15_l07,التوارث بينهما أبدا حتى يفرق الحاكم بينهما فايهما مات قبل ذلك ورثه
book01_15_l08,الآخر وإليه ذهب إليه أحمد بن حنبل ولكل واحد منهم في هذه المسايل اعتلالات
book01_15_l09,يطول ذكرها ولو تعرضنا لها خرجنا عن شرطنا في كتابنا وبالله توفيقنا
book01_15_l10,حديث سابع اربعين لنافع عن ابن عمر
book01_15_l11,ملك عن نافع عن عبد الله بن عمر أنه طلق امرأته وهي حايض على عهد
book01_15_l12,رسول الله صلى الله عليه فسأل عمر رسول الله صلى الله عليه عن ذلك فقال
book01_15_l13,رسول الله صلى الله عليه مره فليراجعها ثم يمسكها حتى تطهر ثم تحيض ثم
book01_15_l14,تطهر ثم إن شا أمسك وإن شا طلق قبل أن يمس فتلك العدة التي أمر الله إن
book01_15_l15,يطلق لها النسا هذا حديث مجتمع على صحته من جهة النقل ولم يختلف ايضا
book01_15_l16,في الفاظه عن نافع وقد رواه عنه جماعة أصحابه كما رواه ملك سوا قا لوا
book01_15_l17,فيه حتى تطهر ثم تحيض ثم تطهر ثم إن شا طلق قبل أن يجامع وإن شا أمسك
book01_15_l18,فتلك العدة التي أمر الله بها أن يطلق لها النسا وممن قال ذلك أيوب
book01_15_l19,وعبيد الله بن عمر وابن جريج والليث بن سعد ومحمد بن إسحاق ويحيى بن
book01_15_l20,سعيد كلهم عن نافع عن ابن عمر وكذلك رواه الزهري عن سالم عن ابن
book01_15_l21,عمر لم يختلفوا أيضا عليه فيه مثل رواية نافع سوا حتى تطهر ثم تحيض ثم
book01_15_l22,تطهر الحديث وكذلك رواه عطا الخراساني عن الحسن عن ابن عمر سوا
book01_15_l23,مثل رواية نافع والزهري قاله أبو داود ورواه يونس بن جبير وعبد الرحمن
book01_15_l24,ابن أيمن وأنس بن سيرين وسعيد بن جبير وزيد بن أسلم وأبو الزبير كلهم
book01_15_l25,عن ابن عمر بمعنى واحد أن النبي عليه السلام أمره أن يراجعها حتى تكر ثم
