file_name,text
book05_01_l01,بسم الله الرحمن الرحيم رب يسر وأعن برحمتك
book05_01_l02,خبرنا أبو سعيد عبد الرحمن بن محمد بن أحمد بن الأحنف قال: أبنا إسحاق بن أبي إسحاق
book05_01_l03,القراب الحافظ قال أبنا أبو بكر محمد بن أبي الفضل بن محمد بن الحسين المزكي قال أبنا أبو عبد الله
book05_01_l04,محمد بن إبراهيم الصرام قال ثنا عثمان بن سعيد الدارمي رحمه الله قال
book05_01_l05,الحمد لله قبل كل كلام وله الحمد في كل مقام وعلى محمد صلوات ربنا وعليه السلام
book05_01_l06,أما بعد فقد عارض مذاهبنا في الإنكار على الجهمية ممن بين ظهريكم معارض وانتدب لنا منهم
book05_01_l07,مناقض ينقض ما روينا فيهم عن رسول الله صلى الله عليه وسلم وعلى أصحابه بتفاسير المضل المريسي
book05_01_l08,بشر بن غياث الجهمي فكان من صنع الله لنا في ذلك اعتماد هذا المعارض على كلام بشر إذ كان مشهور
book05_01_l09,عند العامة بأقبح الذكر مفتضحا بضلالاته في كل مصر ليكون ذلك أعون لنا على المعارض عند الخلق
book05_01_l10,وأنجع في قلوبهم لقبول الحق ومواضع الصدق ولو قد كنى فيها عن بشر كان جديرا أن ينفذ عليهم
book05_01_l11,بعضه في خفاء وفي ستر ولم يفطن له من الناس كل من تبصر غير أنه أفصح باسم المريسي وصرح وحقق
book05_01_l12,على نفسه به الظن وصحح ولم ينظر لنفسه ولا لأهل بلاده ولم ينصح، فحسب امر من الخيبة والحرمان
book05_01_l13,وفضحه في الكور والبلدان أن يكون إمامه في توحيد الله تعالى بشر بن غياث المريسي الملحد في أسماء
book05_01_l14,الله، المفتري المعطل لصفات ربه الجهمي أنشأ هذا المعارض يحكي في كتاب له عن المريسي
book05_01_l15,من أنواع الضلال وشنيع المقال والحجج المحال ما لم يكن بكل ذلك نعرفه ونصفه فيه برثاثة مناقضة
book05_01_l16,لحجج ما لم يكن يقدر أن يصفه فتجافينا عن كثير من مناقضة المعارض وقصدنا قصد المريسي العاثر
book05_01_l17,في قوله الداحض لما أنه أمكن في الحجاج من نفسه ولم يفطن لغور ما يخرج من رأسه من
book05_01_l18,الكلام المدلس المنقوض والكفر الواضح المرفوض وكيف يهتدي بشر للتوحيد وهو لا يعرف
book05_01_l19,مكان واجده ولا هو بزعمه في الدنيا والآخرة بواجده فهو إلى التعطيل أقرب منه إلى التوحيد
book05_01_l20,وواجده بالمعدوم أشبه منه بالموجود وسنعبر لكم عنه من نفس كلامه ما يحكم عليه بالجحود
book05_01_l21,بعون الملك المجيد الفعال لما يريد ولولا ما بدأكم هذا المعارض بإذاعة ضلالات المريسي
book05_01_l22,وبثها فيكم ما اشتغلنا بذكر كلامه مخافة أن يعلق بعض كلامه بقلوب بعض الجهال فيلقيهم في شك
book05_01_l23,من خالقهم وفي ضلال أو أن يدعوهم إلى تأويله المحال لأن جل كلامه تنقص ووقيعة في الرب واستخفاف
book05_01_l24,بجلاله وسب وفي التنازع فيه يتخوف الكفر ويرهب ولذلك قال عبد الله بن المبارك رضي الله عنه
book05_02_l01,لَأَنْ أَحْكِيَ كَلَامَ اليَهُودِ وَالنَّصَارَى أَحَبُّ إِلَيَّ مِنْ أَنْ أحكي كَلَام الجَهْمِية حَدثنَا الحَسَنُ بْنُ الصَّبَّاحِ
book05_02_l02,البَزَّارُ قَالَ ثَنَا عَلِيُّ بْنُ الحَسَنِ بْنِ شَقِيقٍ عَنِ ابْنِ المُبَارَكِ فَمِنْ أَجْلِ ذَلِكَ كَرِهْنَا الخَوْضَ فِيهِ وَإِذَاعَةَ
book05_02_l03,نَقَائِضِهِ حَتَّى أَذَاعَهَا المُعَارِضُ فِيكُمْ وَبَثَّهَا بَيْنَ أَظْهُرِكُمْ فَخَشِينَا انه أَلَّا يَسَعَنَا إِلَّا الإِنْكَارُ عَلَى مَنْ
book05_02_l04,بَثَّهَا وَدَعَا النَّاسَ إِلَيْهَا مُنَافَحَةً عَنِ الله وَتَثْبِيتًا لِصِفَاتِهِ العُلَى وَلِأَسْمَائِهِ الحُسْنَى وَدعَاءًا إِلَى
book05_02_l05,الطَّرِيقَةِ المُثْلَى وَمُحَامَاةً عَنْ ضُعَفَاءِ النَّاسِ وَأَهْلِ الغَفْلَةِ مِنَ النِّسَاءِ وَالصبيان أَن يضلوا
book05_02_l06,بهَا ويَفْتَتِنُوا إِذْ بَثَّهَا فِيهِمْ رَجُلٌ كَانَ يُشِيرُ بَعْضُهُمْ بِشَيْءٍ مِنْ فِقْهٍ وَبَصَرٍ وَلَا يَفْطنُون لِعَثَرَاتِهِ إِذْ
book05_02_l07,هُوَ عَثَرَ فَيَكُونُوا مِنْ أَخَوَاتِهَا مِنْهُ على حَذَرٍ وقد كَتَبَ إِلَيَّ عَلِيُّ بْنُ خَشْرَم أَنَّهُ سَمِعَ عِيسَى بْنَ يُونُسَ
book05_02_l08,يَقُولُ لَا تُجَالِسُوا الجَهْمِيَّةَ وَبَيِّنُوا لِلنَّاسِ أَمْرَهُمْ كَيْ يَعْرِفُوهُمْ فَيَحْذَرُوهُمْ قَالَ أَبُو سَعِيد افْتَتَحَ
book05_02_l09,هَذَا المُعَارِضُ كِتَابَهُ بِكَلَامِ نَفْسِهِ مُثَنِّيًا بِكَلَام المَرِيسِيِّ مُدَلِّسًا عَلَى النَّاسِ بِمَا يَهمُ أَنْ يَحْكِيَ وَيُرِي مَنْ
book05_02_l10,قِبَلَهُ مِنَ الجُهَّالِ وَمَنْ حَوَالَيْهِ مِنَ الأَغْمَارِ أَنَّ مَذَاهِبَ جَهْمٍ وَالمَرِيسِيِّ فِي التَّوْحِيدِ كَبَعْضِ اخْتِلَافِ
book05_02_l11,النَّاسِ فِي الإِيمَانِ فِي القَوْلِ وَالعَمَلِ وَالزِّيَادَةِ وَالنُّقْصَانِ وَكَاخْتِلَافِهِمْ فِي التَّشَيُّعِ وَالقَدَرِ وَنَحْوِهَا
book05_02_l12,كَيْ لَا ينفرُوا مِنْ مَذَاهِبِ جَهْمٍ وَالمَرِيسِيِّ أَكْثَرَ مِنْ نُفُورِهِمْ مِنْ كَلَامِ الشِّيعَةِ والمُرْجِئَةِ والقَدَرِيَّةِ به
book05_02_l13,وَقَدْ أَخْطَأَ المُعَارِضُ مَحَجَّةَ السَّبِيلِ وَغَلَطَ غَلَطًا كَثِيرًا فِي التَّأْوِيلِ لما أَنَّ هَذِهِ الفِرَقَ لَمْ يُكَفِّرْهُمُ
book05_02_l14,العُلَمَاءُ بِشَيْءٍ مِنَ اخْتِلَافِهِمْ وَالمَرِيسِيُّ وَجَهْمٌ وأصحابُهم لَمْ يَشُك أَحَدٌ مِنْهُمْ فِي إِكْفَارِهِم سَمِعْتُ مَحْبُوبَ
book05_02_l15,بْنَ مُوسَى الأَنْطَاكِيَّ أَنَّهُ سَمِعَ وَكِيعًا يُكَفِّرُ الجَهْمِيَّةَ وَكَتَبَ إِلَيَّ عَلِيٌّ بْنِ خَشْرَمٍ أَنَّ ابْنَ المُبَارَكِ كَانَ يُخْرِجُ
book05_02_l16,الجَهْمِيَّةَ مِنْ عِدَادِ المُسْلِمِينَ وَسَمِعْتُ يَحْيَى بنَ يَحْيَى وَأَبَا تَوْبَةَ وَعلي بن المَدِينِيّ يُكَفِّرُونَ الجَهْمِيَّةَ
book05_02_l17,وَمَنْ يَدَّعِي أَنَّ القُرْآنَ مَخْلُوق فَلَا يَقِيسُ الكُفْرَ بِبَعْضِ اخْتِلَافِ هَذِهِ الفِرَقِ إِلَّا امْرُؤٌ جَهِلَ
book05_02_l18,العِلْمَ وَلَمْ يُوَفَّقْ فِيهِ لِفَهْمٍ فَادَّعَى المُعَارِضُ أَنَّ النَّاسَ تَكَلَّمُوا فِي الإِيمَانِ وَفِي التَّشَيُّعِ وَالقَدَرِ وَنَحْوِهُ
book05_02_l19,وَلَا يجوزُ لأَحَدٍ أَنْ يتَأولَ فِي التَّوْحِيدِ غَيْرَ الصَّوَابِ إِذْ جَمِيعُ خَلْقِ الله يُدْرِكُ بِالحَوَاسِّ الخَمْسِ اللَّمْسِ
book05_02_l20,وَالشَّمِّ، وَالذَّوْقِ وَالبَصَرِ بِالعَيْنِ وَالسَّمْعِ وَالله بِزَعْمِ المُعَارِضِ لَا يُدْرَكُ بِشَيْءٍ مِنْ هَذِهِ الخَمْسِ
book05_02_l21,فَقُلْنَا لِهَذَا المُعَارِضِ الَّذِي لَا يَدْرِي كَيْفَ يُنَاقِضُ أَمَّا قَوْلُكَ لَا يَجُوزُ لِأَحَدٍ أَنْ يَتَأَوَّلَ فِي
book05_02_l22,التَّوْحِيدِ غَيْرَ الصَّوَابِ فَقَدْ صَدَقْتَ وَتَفْسِيرُ التَّوْحِيدِ عِنْدَ الأُمَّةِ وَصَوَابُهُ قَوْلُ لَا إِلَهَ إِلَّا اللهُ
book05_02_l23,وَحْدَهُ لَا شَرِيكَ لَهُ الَّتِي قَالَ رَسُولُ الله صلى الله عليه وسلم مَنْ جَاءَ بِهَا مُخْلِصًا دَخَلَ الجَنَّةَ وأُمِرْتُ
book05_02_l24,أَن أُقَاتِلَ النَّاسَ حَتَّى يَقُولُوا لَا إِلَهَ إِلَّا الله مَنْ قَالَهَا فَقَدْ وَحَّدَ اللهَ وَكَذَلِكَ رَوَى جَابِرُ بْنُ عَبْدِ الله
book05_02_l25,رضي الله عنهما عَنِ النَّبِيِّ صلى الله عليه وسلم أَنَّهُ أَهَلَّ بِالتَّوْحِيدِ فِي حَجَّتِهِ فَقَالَ لَبَّيْكَ اللهمَّ لَبَّيْكَ لَبَّيْكَ لَا شَرِيكَ لَكَ
book05_03_l01,لبيك إن الحمد والنعمة لك والملك لا شريك لك حدثنا أبو بكر بن أبي شيبة عن حاتم بن
book05_03_l02,إسماعيل عن جعفر بن محمد عن أبيه عن جابر فهذا تأويل التوحيد وصوابه عند الأمة
book05_03_l03,فمن أدخل الحواس الخمس أيها المعارض في صواب التأويل من أمة محمد ومن عدها فأشر
book05_03_l04,إليه غير ما ادعيتم فيه من الكذب على ابن عباس من رواية بشر المريسي ونظرائه ولمن تأول
book05_03_l05,في التوحيد الصواب لقد تأولت أنت فيه غير الصواب إذ ادعيت أن الله لا يدرك ولم
book05_03_l06,يدرك بشيء من هذه الحواس الخمس إذ هو في دعواك لا شيء والله مكذب من ادعى هذه الدعوى
book05_03_l07,في كتابه إذ يقول عز وجل وكلم الله موسى تكليما ولا يكلمهم الله يوم القيامة ولا يزكيهم وجوه
book05_03_l08,يومئذ ناضرة إلى ربها ناظرة فأخبر الله في كتابه أن موسى أدرك منه الكلام بسمعه وهو أحد
book05_03_l09,الحواس عندك وعندنا ويدرك في الآخرة بالنظر إليه بالأعين وهي الحاسة الثانية كما قال
book05_03_l10,الله تعالى وجوه يومئذ ناضرة إلى ربها ناظرة وكما قال رسول الله صلى الله عليه وسلم ترون ربكم
book05_03_l11,يوم القيامة كما ترون الشمس والقمر جهرا لا تضامون في رؤيته وروى عنه عدي بن حاتم
book05_03_l12,الطائي رضي الله عنه قال قال رسول الله صلى الله عليه وسلم ما منكم من أحد إلا سيكلمه الله ليس بينه
book05_03_l13,وبينه ترجمان حدثناه عمرو بن عون الواسطي عن أبي معاوية عن الأعمش عن خيثمة عن
book05_03_l14,عدي عن النبي صلى الله عليه وسلم فذاك الناطق من قول الله وهذا الصحيح المشهور من قول رسول
book05_03_l15,الله صلى الله عليه وسلم فأي حواس أبين من هذا فلذلك قلنا إن المعارض من تأول فيه غير الصواب
book05_03_l16,باب الإيمان بأسماء الله تعالى وأنها غير مخلوقة
book05_03_l17,ثم اعترض المعارض أسماء الله المقدسة فذهب في تأويلها مذهب إمامه المريسي فادعى أن
book05_03_l18,أسماء الله غير الله وأنها مستعارة مخلوقة كما أنه قد يكون شخص بلا اسم فتسميته لا تزيد في
book05_03_l19,الشخص ولا تنقص يعني أن الله كان مجهولا كشخص مجهول لا يهتدي لاسمه ولا يدري ما هو
book05_03_l20,حتى خلق الخلق فابتدعوا له أسماء من مخلوق كلامهم فأعاروها إياه من غير أن يعرف له اسم
book05_03_l21,قبل الخلق ومن ادعى هذا التأويل فقد نسب الله تعالى إلى العجز والوهن والضرورة
book05_03_l22,والحاجة إلى الخلق لأن المستعير محتاج مضطر والمعير أبدا أعلى منه وأغنى ففي هذه الدعوى
book05_03_l23,استجهال الخالق إذ كان بزعمه هملا لا يدري ما اسمه وما هو وما صفته والله المتعالي عن
book05_03_l24,هذا الوصف المنزه عنه لأن أسماء الله هي تحقيق صفاته سواء عليك قلت عبدت الله
book05_03_l25,أو عبدت الرحمن أو الرحيم أو الملك العزيز الحكيم وسواء على الرجل قال كفرت بالله أو قال
book05_04_l01,كفرت بالرحمن الرحيم أو بالخالق العزيز الحكيم وسواء عليك قلت عبد الله أو عبد الرحمن
book05_04_l02,عبد العزيز أو عبد المجيد وسواء عليك قلت يا الله يا رحمن أو يا رحيم أو يا ملك يا عزيز يا جبار
book05_04_l03,أي اسم دعوته من هذه الأسماء أو أضفته إليه فإنما تدعو الله نفسه من شك فيه فقد كفر وسواء
book05_04_l04,عليك قلت ربي الله أو ربي الرحمن كما قال الله تعالى وربنا الرحمن المستعان على ما تصفون
book05_04_l05,وقال الله تعالى سبح لله ما في السماوات وما في الأرض وقال سبحوه بكرة وأصيلا كذلك قال
book05_04_l06,في الاسم سبح اسم ربك الأعلى كما يسبح الله ولو كان مخلوقا مستعارا غير الله لم يأمر الله أن يسبح
book05_04_l07,مخلوق غيره وقال له الأسماء الحسنى يسبح له ما في السماوات والأرض ثم ذكر الآلهة التي
book05_04_l08,التي تعبد من دون الله بأسمائها المستعارة المخلوقة فقال إن هي إلا أسماء سميتموها أنتم وآباؤكم
book05_04_l09,وكذلك قال هود لقومه حين قالوا أجئتنا لنعبد الله وحده ونذر ما كان يعبد آباؤنا فقال لهم ينهاهم
book05_04_l10,أتجادلونني في أسماء سميتموها أنتم وآباؤكم يعني أن أسماء الله تعالى لم تزل كما لم يزل الله وأنها
book05_04_l11,بخلاف هذه الأسماء المخلوقة التي أعاروها للأصنام والآلهة التي عبدوها من دونه
book05_04_l12,فإن لم تكن أسماء الله بخلافها فأي توبيخ لأسماء الآلهة المخلوقة إذ كانت أسماءها وأسماء
book05_04_l13,الله مخلوقة مستعارة عندكم بمعنى واحد وكلها من تسمية العباد ومن تسمية آبائهم بزعمكم
book05_04_l14,ففي دعوى هذا المعارض أن الخلق عرفوا الله إلى عباده بأسماء ابتدعوها لان الله عرفهم
book05_04_l15,بها نفسه فأي تأويل أوحش في أسماء الله من أن يتأول رجل أنه كان كشخص مجهول أو بيت أو شجرة
book05_04_l16,أو بهيمة لم يشتق لشيء منها اسم ولم يعرف ما هو حتى عرفه الخلق بعضهم بعضا ولا تقاس
book05_04_l17,أسماء الله بأسماء الخلق لأن أسماء الخلق مخلوقة مستعارة وليست أسماءهم نفس صفاتهم
book05_04_l18,بل هي مخالفة لصفاتهم وأسماء الله صفاته ليس شيء منها مخالف لصفاته ولا شيء من صفاته
book05_04_l19,مخالف للأسماء فمن ادعى أن صفة من صفات الله تعالى مخلوقة أو مستعارة فقد كفر وفجر
book05_04_l20,لأنك إذا قلت الله فهو الله وإذا قلت الرحمن فهو الرحمن وهو الله وإذا قلت الرحيم فهو كذلك
book05_04_l21,وإذا قلت حكيم عليم حميد مجيد جبار متكبر قاهر قادر فهو كذلك وهو الله سواء لا يخالف
book05_04_l22,اسم له صفته ولا صفته اسما وقد يسمى الرجل حكيما وهو جاهل وحكما وهو ظالم وعزيزا
book05_04_l23,وهو حقير وكريما وهو لئيم وصالحا وهو طالح وسعيدا وهو شقي ومحمودا وهو مذموم
book05_04_l24,وحبيبا وهو بغيض وأسدا وحمارا وكلبا وجريا وكليبا وهرا وحنظلة وعلقمة وليس
book05_04_l25,كذلك والله تبارك و تعالى اسمه كأسمائه سواء لم يزل كذلك ولا يزال لم تحدث له صفته ولا اسم لم يك
book05_06_l01,في غلط من مذاهبهم إن الفقهاء منهم لعلى يقين أرأيتم قولكم إن أسماء الله مخلوقة فمن خلقها أو كيف
book05_06_l02,خلقها أجعلها أجساما وصورا تشغل أعيانها أمكنة دونه من الأرض والسماء أم موضعا دونه
book05_06_l03,في الهواء فإن قلتم لها أجسام دونه فهذا ما تنفيه عقول العقلاء وإن قلتم خلقها على ألسنة
book05_06_l04,العباد فدعوه بها وأعاروها إياه فهو ما ادعينا عليكم إن الله بزعمكم كان مجهولا لا اسم له
book05_06_l05,حتى حدث الخلق فأحدثوا أسماء من مخلوق كلامهم وهذا هو الإلحاد بالله وفي أسمائه
book05_06_l06,والتكذيب بها قال الحمد لله رب العالمين الرحمن الرحيم مالك يوم الدين كما نضيفه إلى
book05_06_l07,الله رب العالمين ولو كان كما ادعيتم لقيل الحمد لله رب العالمين المسمى الرحمن الرحيم
book05_06_l08,مالك يوم الدين وكما قال الله لا إله إلا هو الحي القيوم نزل عليك الكتاب بالحق وكما قال
book05_06_l09,تنزيل الكتاب من الله كذلك قال تنزيل من الرحمن الرحيم تنزيل من حكيم حميد وإنك لتلقى القرآن
book05_06_l10,من لدن حكيم عليم كلها بمعنى واحد وكلها هي الله والله هو أحد أسمائه كالعزيز الحكيم
book05_06_l11,الجبار المتكبر كذلك روى زعيمكم الأوسط يعقوب أبو يوسف عن الشعبي إن قنعتم
book05_06_l12,بروايته حدثناه موسى بن إسماعيل ثنا أبو يوسف عن مجالد، عن الشعبي قال
book05_06_l13,اسم الله الأعظم هو الله حدثنا هدبة بن خالد أخبرنا أبو هلال الراسبي
book05_06_l14,عن حيان الأعرج عن جابر بن زيد قال اسم الله الأعظم هو الله ألم تروا أنه يبدأ به قبل
book05_06_l15,الأسماء كلها أفلا يستحي عبد من خالقه ومن خلق ربه فيدعي أن الله اسم مخلوق مستعار
book05_06_l16,حدثنا عبد الله بن صالح عن معاوية بن صالح عن علي بن أبي طلحة عن ابن عباس
book05_06_l17,قال كهيعص اسم من أسماء الله وقد روي لنا في تفسيرها عن ابن عباس رضي الله عنهما
book05_06_l18,حدثنا أحمد بن يونس ثنا هشيم عن عطاء بن السائب عن سعيد بن جبير عن
book05_06_l19,ابن عباس قال كاف من كريم وعين من عليم وياء من حكيم وها من هاد وصاد من صدوق
book05_06_l20,وحتى إن علي بن أبي طالب كان يجملها فيقول يا كهيعص اغفر لي كما يقول يا الله اغفر لي
book05_06_l21,حدثنا روح بن عبد المؤمن المقري ثنا محمد بن مسلم ثنا نافع بن أبي نعيم عن فاطمة
book05_06_l22,ابنة علي أنها سمعت عليا يقول يا كهيعص اغفر لي فمن خلق كهيعص في دعواكم ومن
book05_06_l23,تكلم بها قبل الله ومن اهتدى لها غير الله وكما قال الله في كتابه أنا الله رب العالمين كذلك قال
book05_06_l24,على لسان نبيه صلى الله عليه وسلم أنا الرحمن حدثناه مسدد ثنا سفيان عن
book05_06_l25,الزهري عن أبي سلمة بن عبد الرحمن بن عوف عن عبد الرحمن بن عوف رضي الله عنه قال سمعت
