file_name,text
book04_01_l01,قرأت جميع هذه الأوراق في ذكر الإفراد بالحج وما يتعلَّق به
book04_01_l02,وكذلك جواب المسألة التي بعدها في الاجتهاد والتَّقليد على
book04_01_l03,مصنِّفها شيخِنا وسيِّدِنا الشَّيخ الإمامِ العلَّامة الأوحدِ البارع القدوة
book04_01_l04,الكامل المتفرِّد كمالِ الدِّين شيخِ الإسلام علمِ الأئمَّة الأعلام زين الأنام
book04_01_l05,نورِ الأئمَّة بهاءِ الأمَّة رحلة العصر فريد الدَّهر أوحد المجتهدين صفوة
book04_01_l06,علماء الدّين لسان المتكلمين سيف المناظرين مالك أزمَّة العلماء حامل لواء
book04_01_l07,الشريعة قامع البدعة الشَّنيعة بحر العلوم كنز المستفيدين أبي المعالي
book04_01_l08,محمَّد ابن الشَّيخ الإمام العلامة الأوحد علاء الدين أبي الحسن علي ابن سيِدنا الشَيخ
book04_01_l09,الإمام العلَامة الأوحد كمال الدين فريد عصره وشيخ وقته أبي المكارم
book04_01_l10,عبد الواحد بن عبد الكريم بن خلف بن نبهان الأنصاري السماكي الشافعي
book04_01_l11,شيخ المذهب أمتع الله الإسلام والمسلمين بطول بقائه سمعها سيِّدنا
book04_01_l12,الشَّيخ الإمام العلَّامة الأوحد شهاب الدِّين، مفتي المسلمين، جمال الدِّي أبو الفرج
book04_01_l13,محمَّد ابن الشَّيخ مجد الدِّين عبد الله بن الحسين الزرزاري الأربلي الشَّافعي أبقاه الله والشَّيخ
book04_01_l14,الإمام الأوحد القدوة، مفتي المسلمين، فخر الدِّين أبو عمرو عثمان بن يوسف بن
book04_01_l15,أبي بكر بن محمَّد النويري المالكي وهو السَّائل للفُتيا المذكورة في الاجتهاد
book04_01_l16,وصحَّ ذلك في يوم الثُّلاثاء السَّادس والعشرين من شهر رجب الفرد من سنة
book04_01_l17,سبع عشرة وسبعمائة بمنزل شيخنا المُسمع جوار المدرسة الظَّاهرية بدمشق
book04_01_l18,وكتب خليل بن كيكلدي بن عبد الله العلائي الشافعي غفر الله له
book04_01_l19,والحمد لله رب العالَمين وصلى الله على سيِّدنا محمد وآله وصحبه وسلَّم تسليما كثيرا
book04_02_l01,بسم الله الرحمن الرحيم وما توفيقي إلا بالله
book04_02_l02,مسألةٌ سُئل عنها شيخنا وسيِّدنا الشيخ الإمام
book04_02_l03,العلَّامة الأوحد القدوة المتفرِّد كمال الدِّين شيخ الإسلام
book04_02_l04,عَلَم الأئمَّة الأعلام أوحد الأنام رحلة الشَّام مفتي الفرق حجَّة
book04_02_l05,العصر آخر المجتهدين صفوة علماء الدِّين ناصر السنَّة قامع البدعة بحر
book04_02_l06,العلوم كنز المستفيدين أبو المعالي محمد ابن الشيخ الإمام العلامة الأوحد
book04_02_l07,علاء الدين أبي الحسن علي ابن سيّدنا الشيخ الإمام العلامة الأوحد فريد
book04_02_l08,دهره وواحد عصره أبي المكارم عبد الواحد بن عبد الكريم بن
book04_02_l09,خلف بن نبهان الأنصاري السماكِي الشافعي رضي الله عنه وأمتع
book04_02_l10,الإسلام بطول بقائه سأله عنها بعضُ أئمة المالكية قدم من
book04_02_l11,القاهرة وهي
book04_02_l12,المسؤول من السادة الأعلام علماء الإسلام وخلاصة
book04_02_l13,الأنام الذين جعلهم الله تعالى أدلَّة يُسلك بها طريقُ الطَّاعة
book04_02_l14,ومعالم يَقتدِي بها أهل السنة والجماعة ونجوما يُهتدى بها في
book04_02_l15,ظُلَم الشبهات ودروعا يتحصن بها من المهلكات فشكر الله سعيهم
book04_02_l16,وأعلى في الدارين ذكرهم أن يتفضلوا وينعموا برفع حجاب الإجمال
book04_02_l17,وكشف قناع الإشكال عن مسألة يتجاذبها داعي الشرع
book04_03_l01,المطهر وداعي المذهب المقرر وهي في الرجل يتفقه على مذهب
book04_03_l02,من مذاهب الأئمة الأربعة مقلدا لإمامه في جميع أحكامه
book04_03_l03,ثم ارتفع عن درجة العرض والتكرار إلى درجة الفهم والاستبصار
book04_03_l04,ثم اشتغل برواية الآثار ومعرفة الأسانيد ومتون الأخبا
book04_03_l05,فربما رأى في تضاعيف ذلك أحاديثَ صحيحة صريحة أو حسنة
book04_03_l06,تقوم بها الحجة تخالف بعض رأي إمامِه غير مجمع على ترك العمل
book04_03_l07,بها بل قد قال بها نظير إمامه أو أعلى منه أو دونه وربما
book04_03_l08,انفرد إمامه عن بقية الأئمة بمخالفتها فهل يجوز له تقليد إمامه
book04_03_l09,وترك اِتباع الحديث أم يتعين عليه الأخذ بالحديث
book04_03_l10,وهل يكون اتباعه للحديث مخرجا له عن تقليد إمامه وهل
book04_03_l11,له أن يقول إمامنا فوقنا في كل علم وفهم فلعله ترك الأحاديث
book04_03_l12,لمعارض راجح عنده فأقلده إذ لا سبيل إلى معرفة إمامه
book04_03_l13,مأخذ إمامي على التفصيل أم يتعين عليه أن يقول لعل
book04_03_l14,إمامي خفي عليه النص فلم يطّلع عليه فقد خفي بعض نصوص
book04_03_l15,السنة على جماعة من كبار الصحابة رضي الله عن جميعهم فمن دونهم
book04_03_l16,أو لعله اطَلع عليه ثم نسيه كما نسي عمر رضي الله عنه قصته هو
book04_03_l17,وعمار في التيمم وغير ذلك أو لعله ذكره لكنه لم يصح عنده
book04_04_l01,فالمطلوب من السَّادة العلماء أثابهم الله تعالى وسددهم
book04_04_l02,أن يبسطوا لنا الكلام في هذا المقام فإن الحاجة إلى بيانه داعية
book04_04_l03,والأذن لاستماع ما يقال فيه واعية فنضر الله امرءً
book04_04_l04,أرشد إلى سواء السبيل وجَمَع بين بيان الحكم وإيضاح الدليل
book04_04_l05,فالله تعالى ضامن له أحسن الجزاء والسائل كفيل له بصالح
book04_04_l06,الدعاء والحمد لله وحده فأجاب أدام الله أيامه
book04_04_l07,الله يهدي للحق
book04_04_l08,الأصل تكليف العاقل أن يأخذ الأحكام الشرعية من معادنها
book04_04_l09,وهي كتاب الله تعالى وسنة رسوله صلى الله عليه وسلم وإجماع الأَمة
book04_04_l10,وما لم يجده منصوصا أو مجمعا عليه يستنبط حكمه من المنصوص
book04_04_l11,أو المجمع عليه بالطّريق المشروع لذلك قال الله تعالى في
book04_04_l12,إيجاب تبعية الكتاب إنا أنزلنا إليك الكتاب بالحق لتحكم بين
book04_04_l13,الناس بما أراك الله وقال تعالى وأنزلنا إليك الكتاب
book04_04_l14,بالحق مصدقا لما بين يديه من الكتاب ومهيمنا عليه فاحكم بينهم
book04_04_l15,بما أنزل الله وقال وأن احكم بينهم بما أنزل الله والآيات في ذلك
book04_04_l16,كثيرة وقال في إيجاب تبعية الرسول قل إن كنتم تحبون
book04_04_l17,الله فاتبعوني يحببكم الله وقال وما آتاكم الرسول فخذوه
book04_06_l01,من تحصيل الأهلية المذكورة ومنع بعضهم من تقليد في الشرع
book04_06_l02,كإمام الحرمين وغيره محمول على نزاع لفظي فإنهم يوافقون
book04_06_l03,على أخذ العامي بقول العالم لكن منعوا تسمية ذلك تقليدا
book04_06_l04,ولهم في ذلك مأخذان أحدهما أنّ هذا هو الحجة في حقهِ
book04_06_l05,والتقليد قبول قول بلا حجة والثّاني أن العامي لا يخلو
book04_06_l06,عن نوعِ اجتهاد ولو في العلم بكون المأخوذ بقوله أهلا لذلك
book04_06_l07,فحاصله يرجع إلى تفسير اللفظ وقولنا في تقييد
book04_06_l08,ذلك إذا قام غيره بالواجب من تحصيل الأهلية المذكورةِ
book04_06_l09,نشير به إلى بحث مذهبي وهو أن من المعدود في فروض
book04_06_l10,الكفايات تحصيل هذه الأهلية للقيام بالقضاء والإفتاء
book04_06_l11,ومن حكم فروض الكفايات التعين عند التواكل وسبب سقوط
book04_06_l12,الوجوب عند قيام الغير به ما يؤدي إليه إيجابه على العين
book04_06_l13,من إبطال المعايش وعظيم المحنة على الآحاد بذلك والإضرار
book04_06_l14,بهم فهو تكليف فهمَ من الشرع أن المقَصود به المصلحة
book04_06_l15,الكلية لا امتحان الأعيان فحكم بأنه فرض كفاية ثم هذه
book04_06_l16,الأهلية هل تتجزأ بالنسبة إلى بعض الأحكام دون بعضٍ
book04_06_l17,حتى يكون المجتهد الشخص الواحد فرضه الاجتهاد في مسألةٍ
book04_07_l01,والتقليد في أخرى بحسب حصول الأهلية الجاري
book04_07_l02,على ألسنة الفقهاء أن في ذلك خلافا وكثير من أصحابنا علماء
book04_07_l03,الأصول لم يتعرضوا لذلك والحق عندي التفصيل فما
book04_07_l04,كان من الشروط كليا كقوة الاستنباط، ومعرفة مجاري الكلا
book04_07_l05,وما يقبل من الأدلة وما يُرد وما جرى مجرى ذلك فلابُد
book04_07_l06,من استجماعه بالنِّسبة إلى كل دليل ومدلول فلا تتجزأ تلك
book04_07_l07,الأهلية وما كان خاصا بمسألة أو مسائل أو باب فإذا
book04_07_l08,استجمعه الإنسان بالنسبة إلى ذلك الباب أو تلك المسألة أو
book04_07_l09,المسائل مع الأهلية المشتركة الكلية كان فرضه في ذلك
book04_07_l10,الجزئيّ الاجتهاد دون التَّقليد وهذا واضح عند
book04_07_l11,المحقق المنصف وعليه ينبغي حمل الكلام في ذلك وهذه
book04_07_l12,مقدمة يخرج بها الجواب عن السؤال الأول وهو قوله
book04_07_l13,إنَّ المقلد لإمام الموصوفَ بما ذكر إذا وجد الحديث مخالفا
book04_07_l14,لقول إمامه هل يجوز له تقليد إمامه بدل اتباع الحديث أم
book04_07_l15,يتعين عليه الأخذ بالحديث وهو على تفصيلٍ نقدم عليه
book04_07_l16,مقدمة أخرى وهي أن الناس مختلفون في جواز
book04_07_l17,تقليد المجتهد الميت والجواز هو الظاهر القوي ومع
book04_08_l01,القول بالجواز فهل الأخذ بقوله أولى من الأخذ بقول
book04_08_l02,مجتهد العصر فيه خلاف آخر ومن يقول هو أولى
book04_08_l03,يقول قد أُمن على الميت الخروج عن الأهلية وتغيّر الاجتهادِ
book04_08_l04,وعندي في هذا الترجيح نظر مع أنا لو قلنا بالأولوية لم يمتنع
book04_08_l05,الأخذ بقولِ مجتهد العصر فإذا وجد المقلِّد مجتهدين
book04_08_l06,أو أكثر هل يجب عليه الاجتهاد في الأعلم والأورع والرَاجح عند
book04_08_l07,المحققين أنه لا يجب ذلك بل له تقليد ذي الأهليّة ولو كان
book04_08_l08,في عصره أعلم أو أورع إِذ لا خلاف بين أهل السنة في
book04_08_l09,أفضلية أبي بكر ثم عمر ومع هذا فلم يوجب الصحابة على كل
book04_08_l10,مستفت استفتاءهما دون غيرهما ، إذا تقَرر ذلك فهذا
book04_08_l11,المقلد الذي وصف، إن كان قد ارتفع عن درجة العرض
book04_08_l12,والتكرار إلى درجة الفهم والاستبصار بحيث صارت لهُ
book04_08_l13,قوة الاستنباط لمعرفته بالقواعد وكيفية استعمالها وصحة
book04_08_l14,استثماره للأحكام من الأدلة الشرعية ثم اشتغل بالمنقول بحيث
book04_08_l15,حرر منقول مسألة ما من الكتاب والسنة وعرف ما فيها من
book04_08_l16,إجماعٍ وخلاف ووجد فيها حديثًا تقوم به الحجة بالطّريق
book04_08_l17,المعتبر في ذلك وهو غير متروك العمل به إجماعا وجمع الأحاديثَ
book04_09_l01,الَتي في تلك المسألة والأدلّةَ ورأى رجحان العمل ببعضها بالطّريق
book04_09_l02,المعتبر فهذا هو المجتهد في الجزئيّ والَّذي يتوجه أنه
book04_09_l03,يجب عليه العمل بما قام عنده عليه الدليل الشرعيُّ المعتبر وأنه
book04_09_l04,لا يسوغ له إِذ ذاك التقليد وإذا تأمل الباحث عن ذلك
book04_09_l05,حال الأئمة الذين نقلت أقوالهم واعتبرت فتاويهم وعدوا من
book04_09_l06,أهل الاجتهاد علم أنهم إنما عدوا كذلك لاستجماعهم شروط
book04_09_l07,الاجتهاد الكلية المشتركة بين جميع المسائل وأحاطوا بأدلة
book04_09_l08,جملةٍ غالبة من الأحكام وقد عُلم من حال جمعٍ منهم في
book04_09_l09,بعض المسائل عدم الاطلاع على كل ما ورد في تلك المسألة
book04_09_l10,فإن منهم من يعلق القول على صحة حديث لم يكن قد صح عندهُ
book04_09_l11,ومنهم من يقول لم يرد في هذا الحديث كذا أو إن صحَّ كذا قلت
book04_09_l12,بهِ ثمَّ نجد تلك الزِيادة قد صحت والحديث المعَلّق عليه قد صحَ
book04_09_l13,أو يعلل رد الحديث بعلة ظهرت له يظهر انتفاؤها ومثل
book04_09_l14,ذلك في أقوال الأئمَّة كثير لا سيما من كثر أخذه بالرأي
book04_09_l15,وترجيح الأقيسة أو قلتْ رحلته في طلب الحديث وجمعه
book04_09_l16,لطرقه، فإذا كان هذا الموصوف مقلدا لإمام في مسائل يسوغ
book04_09_l17,له فيها التقليد فيها ووقع له في مسألة هذه الأهلية وهذا الدليل
book04_11_l01,كمخالفة مالك رضي الله عنه الحديث لعمل أهل المدينة على خلافهِ
book04_11_l02,فإن كان ممن يعتقد رجحان دليل إمامه بطريق ذلك فليعمل
book04_11_l03,بقول إمامِه وهذا أولى إن لم يكن متعيِنا الحالة الثَّانية
book04_11_l04,أن يعلم إجمالا أن لإمامه أو لمن خالف العمل بهذا الحديث
book04_11_l05,حججا تجوز معها المخالفة أو تقوى فلا يتعين عليه بل لا يترجح
book04_11_l06,مخالفة إمامِه وله تقليد القائل بالحديث من المجتهدين والأولى له
book04_11_l07,الوقوف مع إمامِه والحالة الثَّالثة أن لا يعلم الحجة المقتضية
book04_11_l08,لمخالفة الحديث إجمالا ولا تفصيلا لكن يجوز عنده أن يكون
book04_11_l09,للمخالف حجة يسوغ معها المخالفة وأن لا تكون لكونه لم يجمع أدلة
book04_11_l10,تلك المسألة نقلا واستدلالا فالأولى لهذا تتبع المآخذ
book04_11_l11,فإذا لم يتبين له ما يعارض الحديث من أدلة القرآن والسنة فالعمل
book04_11_l12,بالحديث أولى تقليدا لمن عمل به وله البقاء على تقليد إمامِه
book04_11_l13,وأما الأدلة على هذا فلا يخفى بعد استقرار ما قدمناه وبعد
book04_11_l14,استقراء أحوال الصحابة رضوان الله عليهم وأحوال مقلديهم فإنهم
book04_11_l15,لم يكونوا يوجبون على العامي الرجوع إلى واحد منهم ولا الاقتصا
book04_11_l16,على تقليد من قلَده مرةً وأن لا يخرج عن قوله ولو قلَّده مرارا
book04_11_l17,في حوادث ثم وقعت له حادثة أخرى فاستفتى غيره لم يكن
book04_12_l01,حالهم حال من ينكر عليه ذلك ولا يأمره بالعود إلى من قلده قبل
book04_12_l02,ذلك وهذا أمرٌ معلوم من استقراء أحوالهم ومعرفة سِيَرِهم
book04_12_l03,وفتاويهم والتَّوسُّع في نقل ذلك يطيل الكلام ولا تسعه هذه
book04_12_l04,الأوراق وحال السائل في العلم يقتضي عدم احتياجه إلى بيان
book04_12_l05,ذلك وأما ما جرى على ألسنة المتأخرين وذُكر من الخلاف
book04_12_l06,في أن العاميّ هل يتعين عليه التمذهبُ وإذا تمذهب هل يلتزم
book04_12_l07,تقليد ذلك المذهب فكلام عندي عري عن التحصيل خلاصة ما
book04_12_l08,يُعول فيه على القول به أنه متى فتح هذا الباب أدى إلى تتبّع
book04_12_l09,الرخص وهذا أمر ممنوع سواء قلنا يتمذهب العامي بمذهب أم
book04_12_l10,لا فمن رأيناه يتتبع الرخص منعناه وألزمناه خلاف ذلك
book04_12_l11,وأما إلزامه أن لا يأخذ إلا بمذهب إمام معين فطريق غير
book04_12_l12,طريق السلف الصالح والعجب في هذا من أصحاب الشافعي
book04_12_l13,رضي الله عنه مع ضيق مذهب إمامهم في باب التقليد ومنعه
book04_12_l14,منه ونهيه عنه ولعل أصل هذا من أقوال أكابر أئمتهم فإنَّ
book04_12_l15,في كلام بعضهم ما يقتضي اجتهادا كليا في قواعد المذهب فأخذ
book04_12_l16,به لموافقة قواعده رأيهم فيها كما اعتذروا عنه في أخذه بقول
book04_12_l17,زيد رضي الله عنه في باب الفرائض أو أنهم اجتهدوا في جميع المسائل
book04_13_l01,فرأوا الحق فيها الأخذ بقوله وعلى هذا يتجه عدم جواز
book04_13_l02,مخالفته لمن تبعه على هذا الوجه أما مقلدٌ محض يمنع من
book04_13_l03,جواز الأخذ بغير قول من تمذهب له لا على سبيل الترخص
book04_13_l04,المفضي إلى تتبع الرخص وسقطات المذاهب فلا وجهَ
book04_13_l05,لذلك إلا مجرد الرأي والأخذ بسد الذريعة الموهوم حصو
book04_13_l06,ومن رجع إلى الأمر الأول ورد الأحكام إلى أصولها وتأ
book04_13_l07,أحوال الصحابة رضوان الله عليهم ومن تبعهم بإحسان علم صحة
book04_13_l08,ما ذكرناه إن شاء الله تعالى ، وأما قول السائل هل يكون
book04_13_l09,اتباعه للحديث مخرجا له عن تقليد إمامِه فقد تقدم بعضُ أقسا
book04_13_l10,ذلك لكن لا بد هنا من قول كلي وتفصيلي أما القول
book04_13_l11,الكلي فإن الخروج عن اتباع الإمام المعين غير محذور على ما
book04_13_l12,قررنا إلَا على وجه تتبع الرخص وليس هذا منه والمقلد تابع
book04_13_l13,لمقلَده ولو تابعه في مسألة واحدة فإن التبعية تصدق عليه
book04_13_l14,لغة والفعل مطلق يصدق بمرة واحدة وصورة واحدةٍ
book04_13_l15,وأما العرف العام في ذلك فمضطرب فتستعمل التبعية
book04_13_l16,بمرة ومرتين بالنسبة إلى حالة ولا تستعمل إلا في أغلب الأمورِ
book04_13_l17,بالنسبة إلى حالة وأما العرف الخاص يطلقون التبعية في
